,LOCATION,TIME,Corporate_Tax,Interest_Rates,Unemployment_Rates,Income_Tax,GDP,CPI
0,AUS,1967,36.493,0.0,1.875,36.493,3442.171342,3.4782610000000003
1,AUS,1968,35.685,0.0,1.85,35.685,3827.600452,2.521008
2,AUS,1969,37.413000000000004,0.0,1.8,37.413000000000004,4201.74299,3.278688
3,AUS,1970,37.327,6.646667,1.625,37.327,4638.882122,3.4391529999999997
4,AUS,1971,38.735,6.713333,1.925,38.735,4849.898734,6.138107
5,AUS,1972,38.347,5.831666,2.625,38.347,5195.547601,6.024096
6,AUS,1973,40.45,6.933333,2.325,40.45,5779.645079999999,9.090909
7,AUS,1974,43.974,9.036667,2.7,43.974,6228.439959,15.416670000000002
8,AUS,1975,43.622,9.741667,4.925,43.622,6919.788665000001,15.16245
9,AUS,1976,44.996,10.03083,4.75,44.996,7376.296715,13.32288
10,AUS,1977,45.435,10.22667,5.65,45.435,7706.334772,12.30982
11,AUS,1978,43.973,9.06,6.442533,43.973,8530.021615000001,8.004926
12,AUS,1979,44.467,9.749166,6.265499,44.467,9430.067841,9.122005999999999
13,AUS,1980,43.964,11.6475,6.106246,43.964,10448.7112,10.13584
14,AUS,1981,45.768,13.958329999999998,5.783571,45.768,11923.06975,9.487666
15,AUS,1982,45.162,15.375,7.156132,45.162,11957.488659999999,11.35182
16,AUS,1983,44.284,13.8875,9.961594,44.284,12740.15123,10.038910000000001
17,AUS,1984,44.938,13.525,8.98968,44.938,13563.58526,3.960396
18,AUS,1985,45.229,13.954170000000001,8.262986,45.229,14470.97679,6.734694
19,AUS,1986,46.608999999999995,13.416670000000002,8.081038000000001,46.608999999999995,14952.217330000001,9.05035
20,AUS,1987,45.068000000000005,13.191670000000002,8.108039999999999,45.068000000000005,16011.639430000001,8.533022
21,AUS,1988,45.607,12.10417,7.2279539999999995,45.607,17082.56312,7.21594
22,AUS,1989,44.089,13.40833,6.179825,44.089,17783.92961,7.533903
23,AUS,1990,42.972,13.18,6.922999999999999,42.972,17788.23897,7.333022
24,AUS,1991,41.57,10.69083,9.576522,41.57,18125.99093,3.176675
25,AUS,1992,41.016999999999996,9.22,10.72814,41.016999999999996,19096.236780000003,1.0122309999999999
26,AUS,1993,41.386,7.280833,10.87467,41.386,20120.12359,1.753653
27,AUS,1994,40.161,9.041667,9.72219,40.161,21350.87324,1.9696349999999998
28,AUS,1995,40.61,9.210896,8.472281,40.61,22356.14423,4.6277669999999995
29,AUS,1996,41.266000000000005,8.209207000000001,8.506114,41.266000000000005,23219.18823,2.615385
30,AUS,1997,41.986999999999995,6.954917999999999,8.362488,41.986999999999995,24403.17011,0.2248875
31,AUS,1998,44.407,5.49297,7.677428999999999,44.407,25631.43358,0.8601346
32,AUS,1999,44.401,6.009312,6.873791000000001,44.401,27098.22128,1.4831290000000001
33,AUS,2000,37.714,6.3145690000000005,6.285546,37.714,28249.37753,4.457435
34,AUS,2001,41.187,5.615264,6.742172999999999,41.187,29474.974239999996,4.407135
35,AUS,2002,39.536,5.843958,6.368911,39.536,30740.9629,2.981575
36,AUS,2003,39.74,5.366776,5.92842,39.74,32245.447589999996,2.732596
37,AUS,2004,40.135,5.590775,5.3967339999999995,40.135,33856.852360000004,2.343255
38,AUS,2005,39.586999999999996,5.3399730000000005,5.033881,39.586999999999996,35570.80802,2.691832
39,AUS,2006,37.286,5.587872,4.78524,37.286,37844.78209,3.5552879999999996
40,AUS,2007,36.711,5.994521,4.379151,36.711,39597.74312,2.327611
41,AUS,2008,37.654,5.817944000000001,4.23433,37.654,40094.833210000004,4.350298
42,AUS,2009,37.519,5.039512,5.560385,37.519,41615.32666,1.7711169999999998
43,AUS,2010,38.598,5.366042,5.2133400000000005,38.598,42787.35854,2.91834
44,AUS,2011,39.385,4.879583,5.081195,39.385,44419.30975,3.30385
45,AUS,2012,39.286,3.379167,5.223376,39.286,43879.180360000006,1.76278
46,AUS,2013,39.224000000000004,3.697292,5.66194,39.224000000000004,47761.214060000006,2.4498889999999998
47,AUS,2014,41.31,3.6566669999999997,6.077244,41.31,47644.76279,2.487923
48,AUS,2015,41.383,2.710833,6.056423000000001,41.383,47304.81675,1.508367
49,AUS,2016,40.76,2.336667,5.710301,40.76,50284.17279,1.276991
50,AUS,2017,40.312,2.639167,5.59376,40.312,51297.1392,1.948647
51,AUT,1993,21.615,6.705,3.958333,21.615,21692.13197,3.631786
52,AUT,1994,19.637,7.025,4.241667,19.637,22600.38624,2.953407
53,AUT,1995,20.754,7.134167,4.241667,20.754,23653.65333,2.243364
54,AUT,1996,21.160999999999998,6.3225,4.733333,21.160999999999998,24516.65485,1.8609740000000001
55,AUT,1997,21.939,5.6825,4.733333,21.939,25418.15427,1.305983
56,AUT,1998,22.171,4.713333,4.725,22.171,26674.52627,0.9224669
57,AUT,1999,22.565,4.679167,4.15,22.565,27606.484239999998,0.5689865
58,AUT,2000,22.021,5.556667,3.933333,22.021,29387.013560000003,2.344868
59,AUT,2001,22.594,5.079167,3.983333,22.594,29715.497030000002,2.65
60,AUT,2002,22.590999999999998,4.964167,4.383333,22.590999999999998,31178.05144,1.810359
61,AUT,2003,22.741,4.140833,4.758333,22.741,32121.71451,1.3555540000000001
62,AUT,2004,22.403000000000002,4.130833,5.508333,22.403000000000002,33753.62501,2.061207
63,AUT,2005,21.846,3.394167,5.633333,21.846,35024.55748,2.299138
64,AUT,2006,22.182,3.8,5.25,22.182,37619.89211,1.441547
65,AUT,2007,22.355,4.2975,4.866667,22.355,39391.07903,2.168556
66,AUT,2008,23.035,4.358333,4.141667,23.035,41316.022639999996,3.215951
67,AUT,2009,22.155,3.936667,5.325,22.155,40966.52391,0.5063094
68,AUT,2010,22.359,3.225833,4.841667,22.359,42049.24869,1.813532
69,AUT,2011,22.385,3.3191669999999998,4.575,22.385,44469.20964,3.2865830000000003
70,AUT,2012,22.758000000000003,2.3725,4.883333,22.758000000000003,46477.655080000004,2.485675
71,AUT,2013,22.791,2.01,5.358333,22.791,47936.67796,2.0001580000000003
72,AUT,2014,23.5,1.4875,5.641667,23.5,48813.53441,1.6058059999999998
73,AUT,2015,23.99,0.7463517,5.733333,23.99,49955.456119999995,0.8965653
74,AUT,2016,21.599,0.3753925,6.033333,21.599,52659.767810000005,0.8915924000000001
75,AUT,2017,21.680999999999997,0.5832649999999999,5.516667,21.680999999999997,54511.590829999994,2.081269
76,BEL,1983,36.155,11.94083,10.74167,36.155,12477.39392,7.6616100000000005
77,BEL,1984,36.533,12.2425,10.8,36.533,13245.04162,6.341776
78,BEL,1985,35.635,10.96833,10.10833,35.635,13886.790140000001,4.86873
79,BEL,1986,34.653,8.625834,10.03333,34.653,14421.75021,1.294371
80,BEL,1987,33.714,8.184167,9.8,33.714,15102.36227,1.55338
81,BEL,1988,33.174,8.0075,8.8,33.174,16317.356909999999,1.160936
82,BEL,1989,31.081,8.539166,7.383333,31.081,17481.77649,3.107053
83,BEL,1990,32.01,10.00667,6.55,32.01,18652.64026,3.4483099999999998
84,BEL,1991,31.319000000000003,9.285833,6.441667,31.319000000000003,19562.330990000002,3.2153110000000003
85,BEL,1992,31.418000000000003,8.653334,7.091667,31.418000000000003,20231.49483,2.427956
86,BEL,1993,31.724,7.228333,8.625,31.724,20432.31044,2.754426
87,BEL,1994,31.675,7.750833999999999,9.75,31.675,21478.15679,2.377545
88,BEL,1995,32.654,7.480834,9.675,32.654,22404.94871,1.467961
89,BEL,1996,31.558000000000003,6.4925,9.541667,31.558000000000003,22703.18596,2.077025
90,BEL,1997,31.761999999999997,5.753334,9.216666,31.761999999999997,23724.84897,1.62816
91,BEL,1998,31.358,4.751666999999999,9.341666,31.358,24368.47496,0.9492503000000001
92,BEL,1999,30.682,4.749166000000001,8.4,30.682,25441.89139,1.120848
93,BEL,2000,31.364,5.5925,6.875,31.364,27795.65782,2.544518
94,BEL,2001,32.097,5.130833,6.591667,32.097,28799.19282,2.469258
95,BEL,2002,31.877,4.986667,7.525,31.877,30281.667989999998,1.645214
96,BEL,2003,31.486,4.180833,8.175,31.486,30899.47646,1.588964
97,BEL,2004,30.951999999999998,4.1525,8.391666,30.951999999999998,32034.43531,2.097283
98,BEL,2005,29.039,3.4283330000000003,8.433333,29.039,33176.68088,2.7814330000000003
99,BEL,2006,28.022,3.815,8.25,28.022,35216.52687,1.7912080000000001
100,BEL,2007,27.819000000000003,4.328333,7.483333,27.819000000000003,36751.930889999996,1.8230560000000002
101,BEL,2008,28.461,4.4175,6.975,28.461,37883.23342,4.489444000000001
102,BEL,2009,28.419,3.9016669999999998,7.891667,28.419,37787.57778,-0.05314567
103,BEL,2010,28.248,3.4625,8.316667,28.248,39865.2054,2.189299
104,BEL,2011,28.17,4.233333,7.1666669999999995,28.17,40943.34348,3.532082
105,BEL,2012,27.839000000000002,3.0,7.566667,27.839000000000002,42290.47767,2.839664
106,BEL,2013,28.52,2.41,8.45,28.52,43672.712289999996,1.1130959999999999
107,BEL,2014,28.768,1.7133330000000002,8.533334,28.768,44929.93333,0.3400028
108,BEL,2015,28.215999999999998,0.84,8.5,28.215999999999998,46214.08221,0.5614291
109,BEL,2016,27.675,0.47583329999999996,7.858333,27.675,48594.29366,1.9738529999999999
110,BEL,2017,27.208000000000002,0.7225,7.1,27.208000000000002,50616.06646,2.125971
111,CAN,1970,32.446,7.965833,5.675,32.446,4589.386953,3.3460400000000003
112,CAN,1971,33.117,6.945,6.2,33.117,4949.138282,2.704918
113,CAN,1972,34.14,7.225,6.233333,34.14,5384.674851,4.988029
114,CAN,1973,32.827,7.528333,5.566667,32.827,5994.265182,7.487647
115,CAN,1974,32.857,8.87,5.3333330000000005,32.857,6654.4469420000005,10.99717
116,CAN,1975,32.788000000000004,8.993333,6.9166669999999995,32.788000000000004,7270.186121,10.672189999999999
117,CAN,1976,33.948,9.229167,7.0833330000000005,33.948,8015.041348999999,7.541739
118,CAN,1977,32.65,8.693334,8.058333,32.65,8703.286995,7.976445
119,CAN,1978,32.35,9.235833,8.383333,32.35,9562.927315,8.973723
120,CAN,1979,33.654,10.17917,7.55,33.654,10634.88917,9.144677
121,CAN,1980,34.105,12.338330000000001,7.55,34.105,11693.711000000001,10.12922
122,CAN,1981,34.025,14.989170000000001,7.633333,34.025,13083.06875,12.47161
123,CAN,1982,36.155,14.435329999999999,11.03333,36.155,13289.49147,10.76897
124,CAN,1983,35.024,11.39858,12.03333,35.024,14029.88234,5.863588
125,CAN,1984,33.883,12.71004,11.35,33.883,15250.37796,4.304778
126,CAN,1985,35.219,10.91183,10.66667,35.219,16328.14578,3.9620309999999996
127,CAN,1986,36.883,9.145541,9.675,36.883,16845.77646,4.194786
128,CAN,1987,38.46,9.470708,8.833333,38.46,17730.01245,4.356109
129,CAN,1988,37.466,9.830916,7.766667,37.466,18918.03798,4.028233999999999
130,CAN,1989,38.599000000000004,9.783184,7.566667,38.599000000000004,19757.6482,4.983622
131,CAN,1990,40.844,10.71762,8.15,40.844,20223.59381,4.780476999999999
132,CAN,1991,40.673,9.449769,10.325,40.673,20218.5207,5.625864
133,CAN,1992,39.19,8.076547,11.19167,39.19,20620.002419999997,1.490133
134,CAN,1993,37.813,7.244352,11.4,37.813,21433.32369,1.8650790000000002
135,CAN,1994,37.032,8.361641,10.41667,37.032,22625.77276,0.16556289999999999
136,CAN,1995,37.537,8.161792,9.508333,37.537,23478.23205,2.14876
137,CAN,1996,37.41,7.229914999999999,9.608334,37.41,24042.56381,1.570531
138,CAN,1997,37.582,6.143073,9.116667,37.582,25251.56363,1.621216
139,CAN,1998,37.589,5.279053,8.283334,37.589,26311.4461,0.9959425
140,CAN,1999,37.369,5.5411019999999995,7.591667,37.369,27841.62958,1.7348430000000001
141,CAN,2000,36.812,5.925412000000001,6.816667,36.812,29363.642460000003,2.71944
142,CAN,2001,37.406,5.480272,7.216667,37.406,30214.48058,2.5251200000000003
143,CAN,2002,35.124,5.290907,7.675,35.124,30963.22201,2.258394
144,CAN,2003,34.321999999999996,4.810544,7.575,34.321999999999996,32333.575439999997,2.758563
145,CAN,2004,34.633,4.579607,7.191667,34.633,33911.26138,1.857259
146,CAN,2005,35.495,4.066929,6.758333,35.495,36327.66206,2.213552
147,CAN,2006,35.506,4.2077599999999995,6.3333330000000005,35.506,38106.95955,2.002025
148,CAN,2007,37.066,4.269767,6.05,37.066,39554.852119999996,2.138384
149,CAN,2008,37.702,3.6053019999999996,6.141667,37.702,40376.33017,2.370271
150,CAN,2009,36.219,3.230619,8.35,36.219,38893.17914,0.2994668
151,CAN,2010,35.016999999999996,3.2351400000000003,8.058333,35.016999999999996,40113.52698,1.776872
152,CAN,2011,36.064,2.783036,7.525,36.064,41666.71885,2.9121349999999997
153,CAN,2012,36.416,1.8734099999999998,7.2916669999999995,36.416,42290.87908,1.515678
154,CAN,2013,36.145,2.261959,7.0833330000000005,36.145,44298.514460000006,0.9382919
155,CAN,2014,36.317,2.23083,6.908333,36.317,45753.78294,1.906636
156,CAN,2015,36.785,1.521695,6.908333,36.785,44671.4095,1.125241
157,CAN,2016,35.758,1.251758,6.991667,35.758,46480.501319999996,1.42876
158,CAN,2017,35.732,1.783652,6.341667,35.732,48633.83615,1.596884
159,CZE,1993,8.932,0.0,4.308333,8.932,12132.56358,20.813029999999998
160,CZE,1994,11.225999999999999,0.0,4.2916669999999995,11.225999999999999,12745.29735,10.03942
161,CZE,1995,12.777000000000001,0.0,4.008333,12.777000000000001,13829.33706,8.990530999999999
162,CZE,1996,13.243,0.0,3.891667,13.243,14663.28996,8.758775
163,CZE,1997,13.270999999999999,0.0,4.775,13.270999999999999,14820.36845,8.596157
164,CZE,1998,13.442,0.0,6.466667,13.442,14976.6101,10.698369999999999
165,CZE,1999,12.458,0.0,8.7,12.458,15397.922819999998,2.135448
166,CZE,2000,12.917,0.0,8.775,12.917,16213.99019,3.7753879999999995
167,CZE,2001,12.612,6.314166999999999,8.125,12.612,17615.512619999998,4.662675
168,CZE,2002,12.838,4.876666999999999,7.2916669999999995,12.838,18245.669009999998,1.902981
169,CZE,2003,13.025,4.115833,7.775,13.025,19502.09057,0.1187392
170,CZE,2004,12.834000000000001,4.820833,8.291667,12.834000000000001,20892.976459999998,2.7601080000000002
171,CZE,2005,12.263,3.5425,7.941667,12.263,22045.998880000003,1.857098
172,CZE,2006,11.662,3.8,7.133333,11.662,23830.28255,2.533993
173,CZE,2007,11.674000000000001,4.3025,5.325,11.674000000000001,26194.37973,2.853124
174,CZE,2008,10.568,4.633333,4.408333,10.568,27853.5499,6.358664
175,CZE,2009,10.72,4.8375,6.683333,10.72,27662.268930000002,1.019377
176,CZE,2010,10.235,3.8841669999999997,7.2916669999999995,10.235,27786.968589999997,1.4727270000000001
177,CZE,2011,10.640999999999998,3.7075,6.716667,10.640999999999998,28999.754760000003,1.9172189999999998
178,CZE,2012,10.593,2.7816669999999997,6.975,10.593,29258.90485,3.2876230000000004
179,CZE,2013,10.729000000000001,2.1116669999999997,6.966667,10.729000000000001,30828.526410000002,1.4382979999999999
180,CZE,2014,10.77,1.575833,6.116667,10.77,32504.21758,0.3439886
181,CZE,2015,10.745,0.575,5.058333,10.745,33918.4074,0.3093646
182,CZE,2016,11.216,0.4275,3.9666669999999997,11.216,36097.63905,0.6835041999999999
183,CZE,2017,11.491,0.9808334000000001,2.9083330000000003,11.491,38991.6299,2.450534
184,DNK,1983,53.233000000000004,0.0,8.366667,53.233000000000004,12616.44933,6.9082289999999995
185,DNK,1984,50.797,0.0,7.9166669999999995,50.797,13624.1891,6.290782
186,DNK,1985,51.34,0.0,6.658333,51.34,14612.05811,4.678746
187,DNK,1986,48.833999999999996,0.0,4.991667,48.833999999999996,15615.98328,3.6781870000000003
188,DNK,1987,50.032,11.28435,5.033333,50.032,16020.871619999998,4.01999
189,DNK,1988,52.081,9.883703,5.658333,52.081,16574.0439,4.5351349999999995
190,DNK,1989,52.769,9.706354,6.816667,52.769,17328.172880000002,4.772727
191,DNK,1990,54.019,10.628739999999999,7.175,54.019,18213.63412,2.6416
192,DNK,1991,54.566,9.262481,7.85,54.566,19040.1299,2.395153
193,DNK,1992,54.575,8.987465,8.6,54.575,19789.87008,2.0960419999999997
194,DNK,1993,53.498999999999995,7.3027940000000005,9.55,53.498999999999995,20190.63045,1.257862
195,DNK,1994,54.685,7.825434,7.7,54.685,21650.49466,1.992014
196,DNK,1995,54.751000000000005,8.270138000000001,6.716667,54.751000000000005,22669.19483,2.083605
197,DNK,1996,54.056999999999995,7.1929300000000005,6.3333330000000005,54.056999999999995,23703.71634,2.1263
198,DNK,1997,53.696999999999996,6.261175,5.241667,53.696999999999996,24919.96176,2.1821669999999997
199,DNK,1998,52.238,5.039933,4.866667,52.238,25819.5036,1.845651
200,DNK,1999,52.101000000000006,4.9172,5.1666669999999995,52.101000000000006,26657.82737,2.497795
201,DNK,2000,52.657,5.660133,4.325,52.657,28677.54209,2.903277
202,DNK,2001,54.36600000000001,5.09365,4.525,54.36600000000001,29459.707960000003,2.337875
203,DNK,2002,54.327,5.055967,4.5833330000000005,54.327,30639.95369,2.4244369999999997
204,DNK,2003,54.015,4.307742,5.408333,54.015,30790.003960000002,2.075078
205,DNK,2004,51.726000000000006,4.304708,5.5,51.726000000000006,32918.10772,1.154357
206,DNK,2005,49.955,3.403625,4.841667,49.955,34152.88166,1.8178150000000002
207,DNK,2006,51.412,3.812175,3.9083330000000003,51.412,37291.22597,1.924221
208,DNK,2007,52.768,4.286608,3.75,52.768,38975.93653,1.693266
209,DNK,2008,53.885,4.281425,3.708333,53.885,41282.99547,3.416268
210,DNK,2009,55.983999999999995,3.586242,6.408333,55.983999999999995,40370.917610000004,1.30471
211,DNK,2010,51.928999999999995,2.9260580000000003,7.766667,51.928999999999995,43037.10381,2.310924
212,DNK,2011,51.748999999999995,2.72935,7.758333,51.748999999999995,44407.94207,2.758682
213,DNK,2012,51.146,1.403058,7.8,51.146,44808.549210000005,2.3979150000000002
214,DNK,2013,54.482,1.7458330000000002,7.391667,54.482,46742.939660000004,0.7890718000000001
215,DNK,2014,54.083,1.326667,6.883333,54.083,47905.477080000004,0.5640205
216,DNK,2015,54.858000000000004,0.6908333000000001,6.3,54.858000000000004,49071.30504,0.45203409999999994
217,DNK,2016,53.092,0.3208333,6.008333,53.092,51961.77129,0.25
218,DNK,2017,52.941,0.47666670000000005,5.816667,52.941,55516.7128,1.147132
219,FIN,1988,36.02,10.5575,4.2083330000000005,36.02,16036.2269,5.085932
220,FIN,1989,35.457,12.08583,3.108333,35.457,17443.82235,6.592911
221,FIN,1990,34.731,13.21,3.166667,34.731,18132.76287,6.149561
222,FIN,1991,33.657,11.71167,6.608333,33.657,17541.59597,4.310215
223,FIN,1992,32.516999999999996,11.9725,11.70833,32.516999999999996,17248.13404,2.919323
224,FIN,1993,33.177,8.825,16.34167,33.177,17450.69001,2.190654
225,FIN,1994,33.804,9.036667,16.58333,33.804,18444.8572,1.088558
226,FIN,1995,31.101999999999997,8.791667,15.4,31.101999999999997,19550.92438,0.7912362
227,FIN,1996,32.709,7.076667,14.566670000000002,32.709,20051.80673,0.6291981
228,FIN,1997,30.776,5.9575,12.64167,30.776,21787.30082,1.1925569999999999
229,FIN,1998,30.011999999999997,4.7875,11.35833,30.011999999999997,23576.49395,1.399471
230,FIN,1999,29.393,4.7225,10.21667,29.393,24767.163969999998,1.1622370000000002
231,FIN,2000,30.621,5.4825,9.783334,30.621,26794.795290000002,3.042096
232,FIN,2001,31.476999999999997,5.043334,9.125,31.476999999999997,27807.62306,2.578441
233,FIN,2002,31.215,4.980834,9.075,31.215,28605.122919999998,1.571221
234,FIN,2003,30.982,4.135,9.008333,30.982,29019.84539,0.8774385
235,FIN,2004,30.443,4.109167,8.825,30.443,31173.2947,0.1871234
236,FIN,2005,30.638,3.350833,8.4,30.638,32051.762889999998,0.6238712
237,FIN,2006,30.287,3.7825,7.716667,30.287,34413.34505,1.566667
238,FIN,2007,30.209,4.293334,6.866667,30.209,37799.167689999995,2.510666
239,FIN,2008,30.809,4.29,6.366667,30.809,40083.70194,4.065951999999999
240,FIN,2009,31.053,3.7383330000000004,8.241667,31.053,38008.61163,-1.22e-14
241,FIN,2010,29.541999999999998,3.0108330000000003,8.383333,29.541999999999998,38982.16869,1.184135
242,FIN,2011,29.221999999999998,3.005833,7.775,29.221999999999998,40916.64733,3.4168089999999998
243,FIN,2012,29.305999999999997,1.8833330000000001,7.683333,29.305999999999997,40872.8548,2.808332
244,FIN,2013,29.314,1.8608330000000002,8.191667,29.314,41492.91842,1.4782879999999998
245,FIN,2014,30.572,1.448333,8.658334,30.572,41749.86473,1.0412
246,FIN,2015,30.219,0.7233334,9.375,30.219,42501.61153,-0.207932
247,FIN,2016,29.578000000000003,0.365,8.791667,29.578000000000003,44929.94942,0.35668449999999996
248,FIN,2017,29.156,0.5466667,8.633333,29.156,47501.75256,0.754015
249,FRA,1983,12.245,14.368329999999998,8.758333,12.245,12039.749609999999,9.459548
250,FRA,1984,12.164000000000001,13.40417,10.05,12.164000000000001,12601.393890000001,7.6738029999999995
251,FRA,1985,11.45,11.86667,10.38333,11.45,13145.11847,5.831099
252,FRA,1986,11.452,9.119166,10.55,11.452,13653.394719999998,2.538527
253,FRA,1987,11.47,9.478633,10.65,11.47,14271.72644,3.288898
254,FRA,1988,10.725999999999999,9.08405,10.06667,10.725999999999999,15387.016930000002,2.700817
255,FRA,1989,10.478,8.796059,9.675,10.478,16585.769819999998,3.498302
256,FRA,1990,10.667,9.932117,9.366667,10.667,17613.06982,3.194282
257,FRA,1991,12.327,9.038342,9.625,12.327,18307.794859999998,3.213407
258,FRA,1992,11.307,8.587875,10.64167,11.307,18930.40044,2.3637599999999996
259,FRA,1993,11.337,6.775,11.825,11.337,19173.6642,2.104463
260,FRA,1994,11.527999999999999,7.213792,12.275,11.527999999999999,19970.583880000002,1.655515
261,FRA,1995,11.370999999999999,7.534975,11.95,11.370999999999999,20743.68452,1.7964810000000002
262,FRA,1996,11.610999999999999,6.312142,12.4,11.610999999999999,21324.49601,1.982884
263,FRA,1997,12.277999999999999,5.582509,12.33333,12.277999999999999,22239.89538,1.203943
264,FRA,1998,17.098,4.640208,12.05,17.098,23362.992019999998,0.6511269000000001
265,FRA,1999,17.327,4.608783,11.31667,17.327,24311.40386,0.5371416
266,FRA,2000,17.952,5.394467,9.558333,17.952,26104.47938,1.67596
267,FRA,2001,17.669,4.939458,8.741667,17.669,27506.02812,1.634781
268,FRA,2002,17.259,4.861217,8.633333,17.259,28528.156110000004,1.923412
269,FRA,2003,17.402,4.130892,8.5,17.402,28146.37925,2.098472
270,FRA,2004,16.967,4.099167,8.85,16.967,29038.698860000004,2.14209
271,FRA,2005,17.989,3.409442,8.866667,17.989,30504.05878,1.745869
272,FRA,2006,17.429000000000002,3.7957419999999997,8.841666,17.429000000000002,32435.70292,1.675125
273,FRA,2007,17.012,4.3032,7.991667,17.012,34092.91957,1.487998
274,FRA,2008,17.368,4.234325,7.425,17.368,35102.87043,2.812862
275,FRA,2009,17.199,3.6488169999999998,9.108334,17.199,34719.504989999994,0.08762048
276,FRA,2010,17.034000000000002,3.1170169999999997,9.266666,17.034000000000002,35936.04187,1.531123
277,FRA,2011,17.145,3.3210580000000003,9.183333,17.145,37447.949539999994,2.111598
278,FRA,2012,18.097,2.535992,9.766666,18.097,37684.19807,1.9541950000000001
279,FRA,2013,18.588,2.20435,10.31667,18.588,39528.47364,0.8637155000000001
280,FRA,2014,18.679000000000002,1.6664419999999998,10.3,18.679000000000002,40144.05949,0.5077588
281,FRA,2015,18.796,0.8418583000000001,10.35833,18.796,40840.8483,0.03751438
282,FRA,2016,18.861,0.46788329999999995,10.04167,18.861,42851.6157,0.1833349
283,FRA,2017,18.579,0.8098583,9.425,18.579,44693.75776,1.032283
284,DEU,1991,27.502,8.445833,5.525,27.502,20967.92479,4.047034
285,DEU,1992,28.176,7.835208000000001,6.566667,28.176,21716.15133,5.05698
286,DEU,1993,27.266,6.496459,7.7916669999999995,27.266,21891.66606,4.474576
287,DEU,1994,26.646,6.884414,8.45,26.646,22838.60747,2.6930560000000003
288,DEU,1995,27.480999999999998,6.850542999999999,8.25,27.480999999999998,23628.49085,1.706161
289,DEU,1996,24.813000000000002,6.215378,8.941667,24.813000000000002,24167.86534,1.449726
290,DEU,1997,24.089000000000002,5.640137999999999,9.675,24.089000000000002,24722.55224,1.939369
291,DEU,1998,25.016,4.573921,9.45,25.016,25531.673319999998,0.9111845
292,DEU,1999,25.061,4.49061,8.625,25.061,26510.2287,0.5854335999999999
293,DEU,2000,25.314,5.263958000000001,8.008333,25.314,27461.25352,1.440268
294,DEU,2001,27.127,4.796749,7.858333,27.127,28670.65653,1.983857
295,DEU,2002,25.108,4.783661,8.683333,25.108,29504.28924,1.420807
296,DEU,2003,23.888,4.071143,9.808333,23.888,30236.403889999998,1.034223
297,DEU,2004,22.901999999999997,4.037230999999999,10.5,22.901999999999997,31712.917410000002,1.665736
298,DEU,2005,23.049,3.354017,11.28333,23.049,32236.74099,1.5469110000000001
299,DEU,2006,24.226999999999997,3.764125,10.275,24.226999999999997,34624.96888,1.5774290000000002
300,DEU,2007,24.956999999999997,4.2171129999999994,8.541667,24.956999999999997,36820.15324,2.298341
301,DEU,2008,26.491,3.984804,7.425,26.491,38432.44821,2.6283830000000004
302,DEU,2009,25.19,3.2222180000000002,7.641667,25.19,37501.12756,0.3127377
303,DEU,2010,24.288,2.7443049999999998,6.966667,24.288,39703.55809,1.103809
304,DEU,2011,24.73,2.609223,5.8333330000000005,24.73,42541.51313,2.075173
305,DEU,2012,25.759,1.4951299999999998,5.383333,25.759,43359.54105,2.008491
306,DEU,2013,26.026999999999997,1.571408,5.241667,26.026999999999997,44993.667839999995,1.504722
307,DEU,2014,26.209,1.163512,4.991667,26.209,47011.2804,0.9067970999999999
308,DEU,2015,26.506999999999998,0.49530909999999995,4.633333,26.506999999999998,47622.33122,0.514421
309,DEU,2016,26.545,0.09157856,4.133333,26.545,50574.37473,0.4917486
310,DEU,2017,27.131999999999998,0.31638,3.7583330000000004,27.131999999999998,53254.66604,1.5094969999999999
311,GRC,1999,14.294,6.308333,11.98333,14.294,18464.72645,2.636638
312,GRC,2000,12.981,6.108333,11.23333,12.981,19523.5262,3.151177
313,GRC,2001,12.547,5.304167,10.675,12.547,20963.724019999998,3.3739660000000002
314,GRC,2002,12.911,5.1225,10.33333,12.911,22615.957440000002,3.6293629999999997
315,GRC,2003,12.985,4.2675,9.741667,12.985,23870.44922,3.530651
316,GRC,2004,13.466,4.255833,10.60833,13.466,25437.33352,2.898848
317,GRC,2005,13.73,3.585,10.00833,13.73,25577.44544,3.5450730000000004
318,GRC,2006,14.039000000000001,4.07,9.033334,14.039000000000001,28514.6294,3.1959459999999997
319,GRC,2007,14.264000000000001,4.5,8.416667,14.264000000000001,29289.735539999998,2.8950009999999997
320,GRC,2008,14.365,4.8025,7.766667,14.365,30855.93577,4.1527959999999995
321,GRC,2009,14.542,5.174167,9.625,14.542,30388.352089999997,1.2100739999999999
322,GRC,2010,12.45,9.091666,12.75,12.45,27931.6636,4.712982
323,GRC,2011,14.197000000000001,15.749170000000001,17.91667,14.197000000000001,25671.29122,3.3298699999999997
324,GRC,2012,19.445999999999998,22.4975,24.491670000000003,19.445999999999998,24912.13066,1.50152
325,GRC,2013,16.698,10.05417,27.491670000000003,16.698,25947.87063,-0.922165
326,GRC,2014,16.410999999999998,6.929167,26.55,16.410999999999998,26642.23196,-1.311209
327,GRC,2015,15.638,9.666364,24.95833,15.638,26728.078230000003,-1.736046
328,GRC,2016,15.234000000000002,8.36,23.566670000000002,15.234000000000002,27468.44336,-0.8256575999999999
329,GRC,2017,16.01,5.978333,21.53333,16.01,28594.11137,1.121259
330,HUN,1996,17.476,0.0,9.916667,17.476,9335.545237999999,23.46903
331,HUN,1997,16.799,0.0,9.05,16.799,9821.531015999999,18.30508
332,HUN,1998,16.772000000000002,0.0,8.708333,16.772000000000002,10397.90561,14.153789999999999
333,HUN,1999,17.505,0.0,6.866667,17.505,10873.247870000001,9.997744
334,HUN,2000,18.572,8.55,6.266667,18.572,11857.61966,9.803608
335,HUN,2001,19.565,7.945,5.575,19.565,13213.57381,9.116809
336,HUN,2002,20.215999999999998,7.085833999999999,5.5833330000000005,20.215999999999998,14526.38825,5.265448
337,HUN,2003,18.832,6.773333999999999,5.741667,18.832,15464.41131,4.661017
338,HUN,2004,17.743,8.291667,6.066667,17.743,16228.993980000001,6.744347
339,HUN,2005,17.908,6.598333,7.175,17.908,17073.55144,3.561517
340,HUN,2006,18.21,7.115833,7.4583330000000005,18.21,18339.61801,3.930326
341,HUN,2007,18.178,6.744167,7.391667,18.178,19044.41873,7.9587449999999995
342,HUN,2008,19.274,8.238334,7.8,19.274,20696.72857,6.042512
343,HUN,2009,18.735,9.123333,10.03333,18.735,20693.72508,4.211712
344,HUN,2010,17.435,7.281667,11.16667,17.435,21714.587919999998,4.855558
345,HUN,2011,13.86,7.635408999999999,11.05833,13.86,22999.83061,3.9299209999999998
346,HUN,2012,14.695,7.890833,11.01667,14.695,23206.255119999998,5.652145
347,HUN,2013,14.027000000000001,5.923333,10.11667,14.027000000000001,24498.65869,1.7332
348,HUN,2014,13.769,4.809166,7.741667,13.769,25642.55676,-0.2275663
349,HUN,2015,13.657,3.4325,6.8333330000000005,13.657,26784.65506,-0.06164468
350,HUN,2016,13.345999999999998,3.143333,5.1,13.345999999999998,27908.845419999998,0.3947693
351,HUN,2017,14.173,2.9625,4.175,14.173,29832.09728,2.348243
352,ISL,2003,37.829,6.652117,3.358333,37.829,32644.7832,2.055662
353,ISL,2004,36.531,7.491667,3.05,36.531,35544.21518,3.158195
354,ISL,2005,34.841,8.636942,2.583333,34.841,37338.14056,3.987048
355,ISL,2006,33.676,8.830566000000001,2.875,33.676,39020.81962,6.687074000000001
356,ISL,2007,33.863,9.419559,2.291667,33.863,41179.17306,5.051564
357,ISL,2008,35.99,11.06824,2.983333,35.99,43049.00303,12.6944
358,ISL,2009,37.888000000000005,8.256277,7.233333,37.888000000000005,41844.99533,12.00312
359,ISL,2010,36.522,6.085833999999999,7.558333,36.522,39611.70236,5.396732
360,ISL,2011,37.644,5.978333,7.05,37.644,40769.024789999996,4.001026
361,ISL,2012,37.429,6.194167,6.025,37.429,41928.43345,5.1859
362,ISL,2013,38.25,5.789166000000001,5.391667,38.25,44152.64279,3.872275
363,ISL,2014,34.946999999999996,6.373333000000001,4.9583330000000005,34.946999999999996,45712.837680000004,2.044619
364,ISL,2015,36.696999999999996,6.259167,3.9916669999999996,36.696999999999996,48856.5609,1.633058
365,ISL,2016,26.664,5.603333,3.0083330000000004,26.664,53031.6053,1.6969299999999998
366,ISL,2017,38.009,4.858333,2.825,38.009,55562.426660000005,1.760413
367,IRL,1983,29.465999999999998,14.12737,13.90833,29.465999999999998,8155.637787000001,10.44763
368,IRL,1984,30.752,14.84707,15.5,30.752,8757.840929,8.651110000000001
369,IRL,1985,31.287,12.98515,16.816670000000002,31.287,9282.019645999999,5.3954949999999995
370,IRL,1986,32.643,11.40265,16.83333,32.643,9425.729551,3.827038
371,IRL,1987,34.65,11.439910000000001,16.625,34.65,10106.32435,3.159406
372,IRL,1988,34.789,9.511101,16.225,34.789,11046.11994,2.1345709999999998
373,IRL,1989,31.730999999999998,9.317203999999998,14.733329999999999,31.730999999999998,12219.226540000001,4.08905
374,IRL,1990,33.109,10.4391,13.45,33.109,13765.59109,3.317329
375,IRL,1991,33.496,9.524648,14.758329999999999,33.496,14423.4402,3.210815
376,IRL,1992,33.31,9.466225,15.391670000000001,33.31,15120.977359999999,3.0699959999999997
377,IRL,1993,33.365,7.700833,15.641670000000001,33.365,15811.524980000002,1.4694200000000002
378,IRL,1994,32.733000000000004,7.920833,14.34167,32.733000000000004,17021.52745,2.309198
379,IRL,1995,31.979,8.255,12.29167,31.979,18971.80768,2.524866
380,IRL,1996,31.866999999999997,7.289166000000001,11.66667,31.866999999999997,20533.09286,1.7537310000000002
381,IRL,1997,32.488,6.293334,9.875,32.488,22681.2401,1.5256049999999999
382,IRL,1998,31.879,4.796667,7.55,31.879,25049.476759999998,2.415518
383,IRL,1999,31.448,4.710833999999999,5.9166669999999995,31.448,26995.533310000003,1.631924
384,IRL,2000,31.94,5.5125,4.5,31.94,30192.31163,5.590717
385,IRL,2001,30.993000000000002,5.011667,4.175,30.993000000000002,32566.894889999996,4.872905
386,IRL,2002,27.953000000000003,5.01,4.725,27.953000000000003,35212.94778,4.614733
387,IRL,2003,28.394000000000002,4.1325,4.85,28.394000000000002,36234.03884,3.4904900000000003
388,IRL,2004,29.348000000000003,4.076667,4.741667,29.348000000000003,38697.38473,2.1996290000000003
389,IRL,2005,29.113000000000003,3.329167,4.633333,29.113000000000003,40437.08088,2.4296919999999997
390,IRL,2006,29.538,3.765,4.783333,29.538,44236.51443,3.9316400000000002
391,IRL,2007,30.247,4.305833,5.0,30.247,46743.13639,4.8971160000000005
392,IRL,2008,30.061999999999998,4.525833,6.783333,30.061999999999998,44219.77588,4.0603050000000005
393,IRL,2009,30.423000000000002,5.225,12.65,30.423000000000002,41618.626639999995,-4.478103
394,IRL,2010,29.997,5.739167,14.558329999999998,29.997,43331.07157,-0.9220958
395,IRL,2011,31.098000000000003,9.601666,15.40833,31.098000000000003,44870.463339999995,2.557189
396,IRL,2012,32.398,6.171667,15.491670000000001,32.398,46277.63171,1.696209
397,IRL,2013,31.906,3.79,13.78333,31.906,47936.3887,0.5087149000000001
398,IRL,2014,31.938000000000002,2.3675,11.91667,31.938000000000002,51125.9233,0.1825423
399,IRL,2015,31.599,1.1825,9.958333,31.599,69147.02906,-0.28987909999999995
400,IRL,2016,31.531999999999996,0.7358333,8.408334,31.531999999999996,72017.75524,0.008306338
401,IRL,2017,31.197,0.8016667,6.741667,31.197,78211.41046,0.3405316
402,ITA,1983,26.458000000000002,0.0,7.366667,26.458000000000002,12088.32152,14.64659
403,ITA,1984,26.185,0.0,7.8333330000000005,26.185,12925.574690000001,10.79449
404,ITA,1985,26.723000000000003,0.0,8.141666,26.723000000000003,13703.47306,9.205993
405,ITA,1986,27.768,0.0,8.883333,27.768,14378.46714,5.823544
406,ITA,1987,26.255,0.0,9.633333,26.255,15202.74515,4.747284
407,ITA,1988,26.801,0.0,9.7,26.801,16391.23155,5.058249
408,ITA,1989,26.668000000000003,0.0,9.7,26.668000000000003,17597.78749,6.259837
409,ITA,1990,26.273000000000003,0.0,8.866667,26.273000000000003,18603.50532,6.456608
410,ITA,1991,26.397,0.0,8.516666,26.397,19509.14944,6.25
411,ITA,1992,26.756999999999998,13.26575,8.791667,26.756999999999998,20112.56251,5.270588
412,ITA,1993,27.12,11.186919999999999,9.725,27.12,20401.03676,4.626732
413,ITA,1994,25.379,10.51883,10.65,25.379,21280.53428,4.0518410000000005
414,ITA,1995,26.008000000000003,12.20583,11.18333,26.008000000000003,22353.61321,5.235423
415,ITA,1996,24.993000000000002,9.400666000000001,11.16667,24.993000000000002,23017.69491,4.00698
416,ITA,1997,25.217,6.86025,11.21667,25.217,23867.78211,2.0431060000000003
417,ITA,1998,25.083000000000002,4.8825,11.3,25.083000000000002,25020.62717,1.9550880000000002
418,ITA,1999,26.374000000000002,4.7275,10.86667,26.374000000000002,25602.38648,1.663458
419,ITA,2000,24.83,5.576083000000001,10.05,24.83,27082.56962,2.537687
420,ITA,2001,25.544,5.187083,9.008333,25.544,28042.915910000003,2.785166
421,ITA,2002,25.451,5.034167,8.475,25.451,28716.19717,2.46532
422,ITA,2003,25.171999999999997,4.295833,8.433333,25.171999999999997,29114.55419,2.672559
423,ITA,2004,25.455,4.258675,8.0,25.455,29446.504339999996,2.2067360000000003
424,ITA,2005,25.384,3.555422,7.7083330000000005,25.384,30016.1557,1.985294
425,ITA,2006,25.318,4.046142,6.7916669999999995,25.318,32256.66822,2.090843
426,ITA,2007,25.646,4.487258,6.075,25.646,33903.20805,1.829738
427,ITA,2008,26.835,4.681067,6.7083330000000005,26.835,35274.31272,3.3478339999999998
428,ITA,2009,26.544,4.311183,7.75,26.544,34355.46446,0.7747682
429,ITA,2010,26.865,4.0357080000000005,8.35,26.865,34857.266560000004,1.525516
430,ITA,2011,26.337,5.422758,8.35,26.337,36183.31603,2.7806330000000004
431,ITA,2012,26.483,5.492675,10.64167,26.483,36002.9087,3.041363
432,ITA,2013,26.314,4.316425,12.13333,26.314,36067.70734,1.219992
433,ITA,2014,25.835,2.8932,12.65,25.835,36194.91667,0.24105749999999998
434,ITA,2015,26.048000000000002,1.71395,11.89167,26.048000000000002,36909.296839999995,0.03878675
435,ITA,2016,25.697,1.486433,11.675,25.697,39922.93321,-0.09402139999999999
436,ITA,2017,25.688000000000002,2.112925,11.225,25.688000000000002,41784.60378,1.226533
437,JPN,1970,21.459,0.0,1.15,21.459,3283.240321,6.924173
438,JPN,1971,23.355,0.0,1.225,23.355,3576.2584079999997,6.3953489999999995
439,JPN,1972,24.765,0.0,1.416667,24.765,3990.274993,4.843516999999999
440,JPN,1973,25.935,0.0,1.266667,25.935,4443.24564,11.60862
441,JPN,1974,23.112,0.0,1.375,23.112,4718.602161,23.22225
442,JPN,1975,23.903000000000002,0.0,1.8916669999999998,23.903000000000002,5250.241876,11.73127
443,JPN,1976,23.392,0.0,2.0083330000000004,23.392,5695.524906000001,9.374037
444,JPN,1977,22.206,0.0,2.025,22.206,6253.444837,8.161827
445,JPN,1978,22.151999999999997,0.0,2.2416669999999996,22.151999999999997,6982.402520999999,4.209566000000001
446,JPN,1979,23.717,0.0,2.083333,23.717,7910.311156999999,3.701851
447,JPN,1980,24.31,0.0,2.0083330000000004,24.31,8798.01612,7.778582000000001
448,JPN,1981,24.875999999999998,0.0,2.208333,24.875999999999998,9964.20885,4.912163
449,JPN,1982,25.340999999999998,0.0,2.35,25.340999999999998,10854.22893,2.741041
450,JPN,1983,25.554000000000002,0.0,2.6583330000000003,25.554000000000002,11597.812820000001,1.89972
451,JPN,1984,24.462,0.0,2.708333,24.462,12476.93254,2.261614
452,JPN,1985,24.744,0.0,2.6166669999999996,24.744,13461.871780000001,2.032277
453,JPN,1986,25.041,0.0,2.7583330000000004,25.041,14118.547040000001,0.5955868000000001
454,JPN,1987,24.094,0.0,2.85,24.094,15080.27257,0.1261768
455,JPN,1988,23.203000000000003,0.0,2.5333330000000003,23.203000000000003,16602.786,0.6785576
456,JPN,1989,24.66,5.12725,2.266667,24.66,18024.313290000002,2.2722900000000004
457,JPN,1990,27.815,6.959917,2.108333,27.815,19549.49126,3.078516
458,JPN,1991,27.853,6.336666999999999,2.1,27.853,20818.77753,3.2514380000000003
459,JPN,1992,26.467,5.326583,2.15,26.467,21393.46728,1.7602830000000003
460,JPN,1993,26.846999999999998,4.320917,2.5,26.846999999999998,21722.21673,1.2430459999999999
461,JPN,1994,23.781,4.363333,2.891667,23.781,22374.51325,0.6954581
462,JPN,1995,22.331999999999997,3.4435,3.15,22.331999999999997,23410.20015,-0.1278991
463,JPN,1996,20.998,3.1015,3.35,20.998,24524.08672,0.13660039999999998
464,JPN,1997,21.35,2.3736669999999997,3.4,21.35,25155.38002,1.7478049999999998
465,JPN,1998,19.637999999999998,1.541417,4.108333,19.637999999999998,25084.178490000002,0.6619742
466,JPN,1999,18.826,1.749,4.683333,18.826,25334.51015,-0.3412969
467,JPN,2000,21.05,1.7444169999999999,4.716667,21.05,26841.23071,-0.6765787
468,JPN,2001,20.449,1.319,5.033333,20.449,27476.22086,-0.7400555
469,JPN,2002,18.414,1.263167,5.375,18.414,28170.05438,-0.923494
470,JPN,2003,17.51,1.00325,5.258333,17.51,28943.71817,-0.2565418
471,JPN,2004,17.764,1.492667,4.716667,17.764,30354.456680000003,-0.008573388000000001
472,JPN,2005,18.284000000000002,1.35475,4.425,18.284000000000002,31667.914360000002,-0.2829461
473,JPN,2006,18.442999999999998,1.7405,4.141667,18.442999999999998,33094.33769,0.2493551
474,JPN,2007,19.555999999999997,1.6655,3.8416669999999997,19.555999999999997,34507.17007,0.06003945
475,JPN,2008,19.904,1.467333,3.9916669999999996,19.904,34803.657810000004,1.380079
476,JPN,2009,19.974,1.33375,5.066667,19.974,33201.98695,-1.352837
477,JPN,2010,18.616,1.148333,5.05,18.616,34994.37223,-0.7199793999999999
478,JPN,2011,18.391,1.102417,4.5833330000000005,18.391,35775.256330000004,-0.26763359999999997
479,JPN,2012,18.586,0.8355833,4.35,18.586,37213.8374,-0.05193906
480,JPN,2013,19.227999999999998,0.6896667,4.025,19.227999999999998,39008.36056,0.3464403
481,JPN,2014,18.902,0.5203333,3.5916669999999997,18.902,39183.46568,2.7619540000000002
482,JPN,2015,18.863,0.35,3.375,18.863,40406.095330000004,0.7895179
483,JPN,2016,18.592,-0.06625,3.1166669999999996,18.592,39990.04945,-0.1166667
484,JPN,2017,18.820999999999998,0.05166667,2.808333,18.820999999999998,40884.616369999996,0.46721179999999995
485,KOR,1989,16.817,0.0,2.583333,16.817,7436.692266,5.7001599999999994
486,KOR,1990,19.968,0.0,2.458333,19.968,8392.466413,8.573599
487,KOR,1991,18.527,0.0,2.45,18.527,9486.756827,9.333361
488,KOR,1992,17.044,0.0,2.525,17.044,10201.25453,6.2126779999999995
489,KOR,1993,17.432000000000002,0.0,2.9,17.432000000000002,11054.1688,4.8011029999999995
490,KOR,1994,17.459,0.0,2.475,17.459,12219.58686,6.265815
491,KOR,1995,18.109,0.0,2.066667,18.109,13549.11705,4.4806870000000005
492,KOR,1996,17.122,0.0,2.058333,17.122,14724.175940000001,4.924809
493,KOR,1997,16.074,0.0,2.6166669999999996,16.074,15744.637369999999,4.439064
494,KOR,1998,18.779,0.0,6.95,18.779,14976.26111,7.5133399999999995
495,KOR,1999,15.659,0.0,6.5833330000000005,15.659,16807.01302,0.8129966
496,KOR,2000,14.637,0.0,4.425,14.637,18551.30491,2.259185
497,KOR,2001,14.116,6.855,4.0,14.116,19693.511430000002,4.06642
498,KOR,2002,12.728,6.586666999999999,3.2583330000000004,12.728,21396.71919,2.762511
499,KOR,2003,12.623,5.048333,3.55,12.623,22074.166390000002,3.514879
500,KOR,2004,13.573,4.728333,3.6583330000000003,13.573,23785.04929,3.5905910000000003
501,KOR,2005,13.297,4.95,3.75,13.297,25186.6381,2.75409
502,KOR,2006,15.2,5.151667,3.475,15.2,26878.15414,2.241847
503,KOR,2007,16.737000000000002,5.350833000000001,3.2583330000000004,16.737000000000002,29059.549610000002,2.534847
504,KOR,2008,15.029000000000002,5.568333,3.175,15.029000000000002,29945.89922,4.673796
505,KOR,2009,14.112,5.165833,3.6333330000000004,14.112,29644.334960000004,2.756686
506,KOR,2010,14.224,4.773333999999999,3.708333,14.224,31740.53129,2.939181
507,KOR,2011,14.693,4.2025,3.4083330000000003,14.693,32546.51773,4.025846
508,KOR,2012,14.995,3.4475,3.225,14.995,33557.03045,2.187221
509,KOR,2013,15.349,3.278083,3.1,15.349,34244.23949,1.301377
510,KOR,2014,16.271,3.1863330000000003,3.4916669999999996,16.271,35324.2603,1.274715
511,KOR,2015,17.177,2.30575,3.5916669999999997,17.177,37907.46094,0.7062082
512,KOR,2016,17.576,1.7474169999999998,3.675,17.576,39566.86443,0.9716746999999999
513,KOR,2017,17.857,2.2825830000000003,3.683333,17.857,41000.995839999996,1.9444560000000002
514,LUX,1983,25.978,0.0,3.4083330000000003,25.978,15863.5672,8.669271
515,LUX,1984,26.565,0.0,3.041667,26.565,17438.45221,6.435855999999999
516,LUX,1985,25.495,0.0,2.875,25.495,18461.8947,4.093587
517,LUX,1986,25.647,0.0,2.5333330000000003,25.647,20618.42995,0.294565
518,LUX,1987,24.42,0.0,2.45,24.42,21820.79663,-0.05666491
519,LUX,1988,23.459,0.0,2.0,23.459,24292.70827,1.436591
520,LUX,1989,22.596999999999998,0.0,1.7833330000000003,22.596999999999998,27446.985,3.3709629999999997
521,LUX,1990,24.076999999999998,0.0,1.6583330000000003,24.076999999999998,29651.573439999996,3.253765
522,LUX,1991,22.663,0.0,1.6583330000000003,22.663,32856.75312,3.118359
523,LUX,1992,22.235,0.0,2.066667,22.235,33754.875810000005,3.154169
524,LUX,1993,21.116,0.0,2.583333,21.116,35499.5225,3.588104
525,LUX,1994,21.774,7.15,3.175,21.774,37102.258389999995,2.19476
526,LUX,1995,22.078000000000003,7.2291669999999995,2.8666669999999996,22.078000000000003,39538.57217,1.8676979999999999
527,LUX,1996,21.951,6.296667,2.925,21.951,41298.935260000006,1.183861
528,LUX,1997,20.844,5.598333,2.7,20.844,42795.357019999996,1.3675110000000001
529,LUX,1998,19.262,4.728333,2.691667,19.262,44344.71005,0.9585662
530,LUX,1999,18.914,4.665,2.4083330000000003,18.914,50526.65319,1.0251940000000002
531,LUX,2000,18.465999999999998,5.518333,2.233333,18.465999999999998,55276.44173,3.1507680000000002
532,LUX,2001,17.843,4.860833,1.9,17.843,55852.7417,2.663822
533,LUX,2002,16.307000000000002,4.683333,2.558333,16.307000000000002,58709.015360000005,2.074089
534,LUX,2003,17.221,3.315328,3.808333,17.221,59956.326539999995,2.04984
535,LUX,2004,17.879,2.841264,4.95,17.879,63993.59756,2.2256810000000002
536,LUX,2005,19.047,2.413519,4.65,19.047,68140.65238,2.487693
537,LUX,2006,21.08,3.3033330000000003,4.575,21.08,77890.77556000001,2.666315
538,LUX,2007,19.962,0.0,4.1666669999999995,19.962,83852.11675,2.312459
539,LUX,2008,21.729,0.0,4.9166669999999995,21.729,86591.98546,3.4018800000000002
540,LUX,2009,20.648000000000003,0.0,5.116667,20.648000000000003,82268.59759,0.368042
541,LUX,2010,21.01,2.950091,4.5833330000000005,21.01,85578.88461000001,2.273679
542,LUX,2011,22.178,2.9218919999999997,4.8333330000000005,22.178,91814.03661,3.410683
543,LUX,2012,21.84,1.834661,5.066667,21.84,91526.72071000001,2.662842
544,LUX,2013,22.813000000000002,1.849622,5.875,22.813000000000002,95246.11389,1.7340400000000002
545,LUX,2014,23.122,1.3362479999999999,6.05,23.122,100933.6045,0.628544
546,LUX,2015,24.471999999999998,0.36428,6.4583330000000005,24.471999999999998,103787.9676,0.4747432
547,LUX,2016,24.649,-0.177239,6.3333330000000005,24.649,110249.79699999999,0.2908333
548,LUX,2017,23.621,0.5027077999999999,5.616667,23.621,112701.6597,1.7308
549,NLD,1983,21.346999999999998,8.610833,9.508333,21.346999999999998,12813.56428,2.740841
550,NLD,1984,20.837,8.328333,9.291667,20.837,13630.129930000001,3.3016379999999996
551,NLD,1985,19.404,7.3275,8.45,19.404,14359.26625,2.258587
552,NLD,1986,20.249000000000002,6.3175,7.608333,20.249000000000002,14975.039780000001,0.08334722
553,NLD,1987,19.653,6.4025,7.466667,19.653,15538.18536,-0.6912059
554,NLD,1988,20.552,6.415833,7.375,20.552,16531.62282,0.7379455
555,NLD,1989,21.293000000000003,7.218333,6.675,21.293000000000003,17835.18765,1.0821610000000002
556,NLD,1990,24.714000000000002,8.920834,6.0833330000000005,24.714000000000002,19146.55749,2.4540889999999997
557,NLD,1991,26.164,8.739166,5.675,26.164,20114.0032,3.158203
558,NLD,1992,24.85,8.1025,5.758333,24.85,20766.25231,3.183581
559,NLD,1993,25.659000000000002,6.360833,6.466667,25.659000000000002,21373.56564,2.5841819999999998
560,NLD,1994,20.659000000000002,6.865,7.191667,20.659000000000002,22343.397090000002,2.801527
561,NLD,1995,19.191,6.899166999999999,8.358334,19.191,23403.01394,1.9232200000000002
562,NLD,1996,17.921,6.150833,7.675,17.921,24472.4403,2.113793
563,NLD,1997,15.925,5.576667,6.5,15.925,26007.69706,2.1092459999999997
564,NLD,1998,15.502,4.631667,5.133333,15.502,27708.806810000002,1.959136
565,NLD,1999,14.985,4.62925,4.233333,14.985,29268.685489999996,2.157179
566,NLD,2000,15.055,5.4038330000000006,3.666667,15.055,31881.7832,2.360522
567,NLD,2001,16.18,4.9575,3.075,16.18,33194.74225,4.155841000000001
568,NLD,2002,18.198,4.89025,3.666667,18.198,34447.05337,3.287531
569,NLD,2003,17.515,4.123167,4.841667,17.515,34112.96121,2.091998
570,NLD,2004,16.029,4.095,5.675,16.029,35776.83056,1.263647
571,NLD,2005,17.578,3.3739999999999997,5.883333,17.578,37625.25244,1.68813
572,NLD,2006,17.755,3.78075,5.008333,17.755,40964.57503,1.101501
573,NLD,2007,18.744,4.288167,4.175,18.744,43892.697680000005,1.613859
574,NLD,2008,18.156,4.22675,3.666667,18.156,46419.04259,2.486502
575,NLD,2009,22.076999999999998,3.686833,4.35,22.076999999999998,44600.8648,1.189777
576,NLD,2010,21.496,2.9900830000000003,5.008333,21.496,45075.08525,1.275306
577,NLD,2011,20.773000000000003,2.98875,4.991667,20.773000000000003,46599.227660000004,2.34107
578,NLD,2012,19.44,1.9335,5.825,19.44,47271.96823,2.455548
579,NLD,2013,18.798,1.9589169999999998,7.241667,18.798,49242.78671,2.506899
580,NLD,2014,18.723,1.454667,7.425,18.723,49233.23035,0.9760351
581,NLD,2015,20.523000000000003,0.6903333,6.891667,20.523000000000003,50301.84562,0.6002482
582,NLD,2016,18.489,0.2910833,6.025,18.489,52284.12262,0.31666669999999997
583,NLD,2017,21.553,0.5220832999999999,4.858333,21.553,55348.89184,1.381459
584,NZL,1970,43.968,5.5075,0.09267841,43.968,3920.1774020000003,6.517183
585,NZL,1971,48.608000000000004,5.516667,0.1829826,48.608000000000004,4300.826773,10.38757
586,NZL,1972,50.388999999999996,5.523333999999999,0.4508566,50.388999999999996,4712.338082,6.932811
587,NZL,1973,51.92100000000001,5.796667,0.17467249999999998,51.92100000000001,5076.028590999999,8.166666000000001
588,NZL,1974,55.005,6.0825,0.0838223,55.005,5672.960744,11.1094
589,NZL,1975,54.29600000000001,6.326667,0.2465078,54.29600000000001,6286.054307,14.68495
590,NZL,1976,55.668,8.341666,0.322841,55.668,6536.147827000001,16.90689
591,NZL,1977,58.535,9.239166,0.317965,58.535,6462.823849,14.383560000000001
592,NZL,1978,59.273,9.979167,1.657459,59.273,7239.721315999999,11.9566
593,NZL,1979,58.479,11.97909,1.942502,58.479,7657.703359,13.6996
594,NZL,1980,61.606,13.28333,2.242846,61.606,8438.52459,17.150560000000002
595,NZL,1981,61.306999999999995,12.8325,3.601532,61.306999999999995,9432.60129,15.37015
596,NZL,1982,60.24,12.89333,3.5364940000000002,60.24,10433.148220000001,16.16369
597,NZL,1983,59.57,12.1825,5.663189,59.57,11200.53848,7.341074000000001
598,NZL,1984,56.188,12.61,5.743741,56.188,12285.97033,6.17125
599,NZL,1985,60.511,17.6575,4.181687,60.511,12631.06659,15.41766
600,NZL,1986,59.715,16.4475,4.175,59.715,13237.26031,13.2134
601,NZL,1987,50.795,15.71,4.225,50.795,13369.29464,15.74429
602,NZL,1988,53.09,13.115829999999999,5.8,53.09,13846.01359,6.375257
603,NZL,1989,48.435,12.82917,7.275,48.435,14427.858059999999,5.715991000000001
604,NZL,1990,47.967,12.445,7.975,47.967,14674.76406,6.098439
605,NZL,1991,46.707,10.11,10.6,46.707,14519.46643,2.602399
606,NZL,1992,46.16,8.401667,10.65,46.16,14864.24213,1.014557
607,NZL,1993,45.093,6.934166,9.8,45.093,15877.3009,1.28821
608,NZL,1994,45.621,7.630833,8.35,45.621,16972.92712,1.7453759999999998
609,NZL,1995,45.037,7.779167,6.45,45.037,17823.13088,3.7549410000000005
610,NZL,1996,44.446999999999996,7.894166,6.3,44.446999999999996,18388.37643,2.285714
611,NZL,1997,44.06399999999999,7.191667,6.825,44.06399999999999,19082.31409,1.187151
612,NZL,1998,42.769,6.2875,7.725,42.769,19306.58425,1.26524
613,NZL,1999,42.56399999999999,6.4125,7.025,42.56399999999999,20537.59563,-0.1142663
614,NZL,2000,43.068000000000005,6.8525,6.15,43.068000000000005,21476.2938,2.6152330000000004
615,NZL,2001,43.693999999999996,6.393333,5.45,43.693999999999996,22390.7103,2.6258209999999997
616,NZL,2002,43.132,6.5275,5.3,43.132,23180.064980000003,2.677091
617,NZL,2003,41.856,5.866667,4.775,41.856,23863.51865,1.7535759999999998
618,NZL,2004,41.008,6.065834,4.025,41.008,24996.54252,2.290249
619,NZL,2005,41.06100000000001,5.875,3.825,41.06100000000001,25590.12745,3.0370209999999997
620,NZL,2006,40.696,5.780833,3.85,40.696,27679.01768,3.3654040000000003
621,NZL,2007,42.103,6.265,3.575,42.103,29307.7873,2.376143
622,NZL,2008,40.664,6.080833,4.025,40.664,29784.42811,3.9589440000000002
623,NZL,2009,41.129,5.456666,5.875,41.129,30595.0405,2.115656
624,NZL,2010,37.745,5.603333,6.225,37.745,31175.2293,2.3020259999999997
625,NZL,2011,36.099000000000004,4.945,6.025,36.099000000000004,32680.389989999996,4.027903
626,NZL,2012,36.88,3.685,6.475,36.88,32924.63188,1.0599180000000001
627,NZL,2013,36.786,4.093333,5.85,36.786,36100.252089999994,1.134418
628,NZL,2014,37.497,4.304167,5.425,37.497,37133.665010000004,1.2275129999999999
629,NZL,2015,37.175,3.423333,5.4,37.175,37403.07478,0.2927033
630,NZL,2016,36.8,2.7616669999999996,5.125,36.8,39906.37422,0.6462373
631,NZL,2017,37.794000000000004,2.9908330000000003,4.725,37.794000000000004,41556.3255,1.850787
632,NOR,1989,27.838,10.82583,4.883333,27.838,17485.25666,4.546144
633,NOR,1990,26.198,10.68,5.216667,26.198,18429.286640000002,4.131033
634,NOR,1991,26.12,9.996667,5.45,26.12,19543.4646,3.438196
635,NOR,1992,25.485,9.606667,5.925,25.485,20587.39196,2.3280849999999997
636,NOR,1993,25.482,6.880833,5.95,25.482,21544.12956,2.2882689999999997
637,NOR,1994,26.305999999999997,7.435833000000001,5.408333,26.305999999999997,22983.33096,1.375675
638,NOR,1995,25.893,7.424167,4.933333,25.893,24316.99827,2.460368
639,NOR,1996,25.74,6.773333999999999,4.75,25.74,26779.736119999998,1.262532
640,NOR,1997,25.693,5.888333,3.916667,25.693,28600.0346,2.566923
641,NOR,1998,27.183000000000003,5.4,3.0916669999999997,27.183000000000003,28188.81012,2.252413
642,NOR,1999,26.618000000000002,5.4975,3.0333330000000003,26.618000000000002,30554.45254,2.365967
643,NOR,2000,24.069000000000003,6.218333,3.2416669999999996,24.069000000000003,36950.055210000006,3.085506
644,NOR,2001,24.336,6.236667,3.4083330000000003,24.336,37778.38453,3.004197
645,NOR,2002,24.799,6.384167,3.666667,24.799,37981.68638,1.286725
646,NOR,2003,24.895,5.045,4.2083330000000005,24.895,38550.3304,2.4878259999999996
647,NOR,2004,23.643,4.368333,4.275,23.643,42510.53527,0.45449849999999997
648,NOR,2005,22.19,3.745833,4.525,22.19,47800.54063,1.532134
649,NOR,2006,20.680999999999997,4.076667,3.425,20.680999999999997,54091.40767000001,2.32935
650,NOR,2007,22.203000000000003,4.774166999999999,2.558333,22.203000000000003,55874.24182999999,0.7125891
651,NOR,2008,21.479,4.4583330000000005,2.733333,21.479,61719.343660000006,3.7539309999999997
652,NOR,2009,24.07,3.998333,3.2833330000000003,24.07,55414.359070000006,2.197386
653,NOR,2010,23.608,3.5283330000000004,3.733333,23.608,57961.36037,2.4189060000000002
654,NOR,2011,23.093000000000004,3.135,3.4083330000000003,23.093000000000004,62077.8458,1.284952
655,NOR,2012,23.41,2.101667,3.3,23.41,65349.21616,0.6968641
656,NOR,2013,24.826,2.5775,3.7583330000000004,24.826,66956.28596000001,2.120486
657,NOR,2014,25.363000000000003,2.515,3.6333330000000004,25.363000000000003,65895.66761,2.041703
658,NOR,2015,27.974,1.565,4.5,27.974,60368.910039999995,2.171137
659,NOR,2016,27.557,1.331667,4.758333,27.557,58917.288329999996,3.55
660,NOR,2017,26.45,1.6375,4.191667,26.45,62940.20304,1.875101
661,POL,1997,20.791,0.0,10.86667,20.791,9003.461809999999,14.95
662,POL,1998,21.331,0.0,10.16667,21.331,9565.312862,11.86667
663,POL,1999,13.884,0.0,13.391670000000001,13.884,10124.603570000001,7.258333
664,POL,2000,13.175,0.0,16.075,13.175,10656.18565,10.09167
665,POL,2001,12.874,10.68167,18.308329999999998,12.874,11101.220309999999,5.475
666,POL,2002,12.67,7.355834,20.03333,12.67,11780.56697,1.9416669999999998
667,POL,2003,12.775,5.7775,19.75,12.775,12260.40563,0.8416665999999999
668,POL,2004,12.468,6.896667,19.14167,12.468,13341.93477,3.4916669999999996
669,POL,2005,12.999,5.218333,17.925,12.999,13897.472919999998,2.1333330000000004
670,POL,2006,13.707,5.231667,13.96667,13.707,15143.17634,1.033333
671,POL,2007,14.95,5.484334,9.608334,14.95,16788.670159999998,2.4916669999999996
672,POL,2008,15.504000000000001,6.071667,7.0416669999999995,15.504000000000001,18315.04564,4.216667
673,POL,2009,14.52,6.120598,8.116667,14.52,19095.05457,3.45
674,POL,2010,13.854000000000001,5.781667,9.675,13.854000000000001,20804.75361,2.583333
675,POL,2011,13.599,5.955583,9.65,13.599,22576.17938,4.266667
676,POL,2012,13.894,4.999283,10.10833,13.894,23542.002959999998,3.7
677,POL,2013,14.023,4.033291999999999,10.34167,14.023,24422.763909999998,0.9
678,POL,2014,14.359000000000002,3.516211,9.016666,14.359000000000002,25297.95045,-0.025
679,POL,2015,14.418,2.700557,7.525,14.418,26529.0368,-0.9333333
680,POL,2016,14.431,3.035689,6.191667,14.431,27947.390310000003,-0.5833333
681,POL,2017,14.595999999999998,3.42,4.883333,14.595999999999998,29801.80939,1.975
682,PRT,1989,13.931,0.0,5.183333,13.931,10848.867559999999,12.6863
683,PRT,1990,15.854000000000001,0.0,4.8,15.854000000000001,11744.51967,13.63057
684,PRT,1991,17.719,0.0,4.183333,17.719,12708.010209999999,11.84948
685,PRT,1992,20.396,0.0,4.125,20.396,13144.50971,9.55926
686,PRT,1993,19.949,0.0,5.5,19.949,13166.328520000001,6.78378
687,PRT,1994,18.713,10.47833,6.825,18.713,13544.633380000001,5.42044
688,PRT,1995,18.596,11.465,7.183333,18.596,14380.04352,4.222816000000001
689,PRT,1996,19.009,8.559167,7.241667,19.009,14895.030190000001,3.068977
690,PRT,1997,17.971,6.358333,6.741667,17.971,15783.347819999999,2.336863
691,PRT,1998,17.201,4.8775,6.0833330000000005,17.201,16686.7362,2.572752
692,PRT,1999,16.771,4.7775,5.55,16.771,17718.19956,2.3400950000000003
693,PRT,2000,17.415,5.595,5.075,17.415,18883.73562,2.85303
694,PRT,2001,17.605,5.158333,5.133333,17.605,19533.29592,4.369903
695,PRT,2002,16.736,5.006667,6.141667,16.736,20356.721559999998,3.600347
696,PRT,2003,16.662,4.180083,7.4,16.662,20828.357330000003,3.218991
697,PRT,2004,16.69,4.143917,7.766667,16.69,21458.28005,2.3653619999999997
698,PRT,2005,16.480999999999998,3.4379169999999997,8.766666,16.480999999999998,22725.351609999998,2.277164
699,PRT,2006,16.422,3.9146669999999997,8.866667,16.422,24652.920159999998,3.107666
700,PRT,2007,16.782,4.4241410000000005,9.133333,16.782,25706.28397,2.453965
701,PRT,2008,17.062,4.519855000000001,8.783334,17.062,26665.77158,2.588506
702,PRT,2009,18.485,4.2101489999999995,10.68333,18.485,26484.47931,-0.8355299999999999
703,PRT,2010,17.618,5.396408,11.98333,17.618,27280.174710000003,1.4025729999999998
704,PRT,2011,18.449,10.23912,12.88333,18.449,26769.42769,3.6530110000000002
705,PRT,2012,18.295,10.54652,15.78333,18.295,26438.14047,2.773339
706,PRT,2013,22.614,6.293129,16.45833,22.614,27936.0063,0.2744167
707,PRT,2014,22.47,3.75395,14.125,22.47,28742.313130000002,-0.2781534
708,PRT,2015,21.229,2.423333,12.65833,21.229,29668.804160000003,0.48793859999999994
709,PRT,2016,19.820999999999998,3.171667,11.175,19.820999999999998,31604.417530000002,0.6073970999999999
710,PRT,2017,18.817999999999998,3.0525,9.016666,18.817999999999998,33086.07203,1.368614
711,SVK,1998,11.838,0.0,12.70833,11.838,10622.179970000001,6.665648
712,SVK,1999,12.152000000000001,0.0,16.491670000000003,12.152000000000001,10714.989609999999,10.57045
713,SVK,2000,9.924,0.0,18.90833,9.924,11355.56928,12.03578
714,SVK,2001,10.638,8.0425,19.45833,10.638,12389.755640000001,7.329631
715,SVK,2002,9.849,6.935,18.808329999999998,9.849,13307.8781,3.127133
716,SVK,2003,9.679,4.985833,17.691670000000002,9.679,14149.9335,8.554143
717,SVK,2004,9.601,5.025833,18.35833,9.601,15184.02439,7.548501
718,SVK,2005,9.492,3.521667,16.375,9.492,16595.2616,2.709085
719,SVK,2006,9.863999999999999,4.411667,13.46667,9.863999999999999,18828.61919,4.483331
720,SVK,2007,9.881,4.490833,11.23333,9.881,21114.11563,2.756724
721,SVK,2008,10.532,4.723333,9.575,10.532,23608.97752,4.59818
722,SVK,2009,9.705,4.706666,12.11667,9.705,22969.10167,1.615105
723,SVK,2010,9.432,3.871667,14.5,9.432,25028.043319999997,0.9570181000000001
724,SVK,2011,9.894,4.415,13.683329999999998,9.894,26084.1055,3.919286
725,SVK,2012,10.304,4.5525,13.958329999999998,10.304,26973.79122,3.606103
726,SVK,2013,9.686,3.1875,14.225,9.686,28004.527789999996,1.400474
727,SVK,2014,9.605,2.0708330000000004,13.208329999999998,9.605,28997.37568,-0.07616533
728,SVK,2015,9.704,0.885,11.5,9.704,29935.71127,-0.3252198
729,SVK,2016,10.201,0.5433334,9.666667,10.201,29656.33533,-0.5200102
730,SVK,2017,10.165,0.9166667,8.125,10.165,30916.27277,1.3119459999999998
731,ESP,1987,21.386,12.81333,19.71667,21.386,10635.56908,5.248024
732,ESP,1988,21.544,11.74417,18.691670000000002,21.544,11546.24997,4.837267
733,ESP,1989,22.82,13.600579999999999,16.54167,22.82,12553.77421,6.791436
734,ESP,1990,21.730999999999998,14.6775,15.458329999999998,21.730999999999998,13495.655509999999,6.721821
735,ESP,1991,23.302,12.36055,15.5,23.302,14281.93665,5.934214
736,ESP,1992,23.499000000000002,11.69519,17.01667,23.499000000000002,14708.752190000001,5.924531
737,ESP,1993,24.022,10.21079,20.84167,24.022,14869.416640000001,4.569072
738,ESP,1994,23.218000000000004,9.997791000000001,22.05,23.218000000000004,15521.03981,4.718413
739,ESP,1995,23.545,11.27094,20.75,23.545,16259.91684,4.6738040000000005
740,ESP,1996,23.659000000000002,8.736462,19.89167,23.659000000000002,16951.784209999998,3.558843
741,ESP,1997,21.12,6.401535,18.39167,21.12,17910.03753,1.9710779999999999
742,ESP,1998,20.962,4.8329260000000005,16.40833,20.962,19100.74016,1.83433
743,ESP,1999,19.566,4.727312,13.6,19.566,19962.79211,2.310345
744,ESP,2000,19.180999999999997,5.525866000000001,11.91667,19.180999999999997,21599.52033,3.4335169999999997
745,ESP,2001,19.782,5.115284,10.55833,19.782,23006.50386,3.589833
746,ESP,2002,20.099,4.957641000000001,11.44167,20.099,24376.328709999998,3.065766
747,ESP,2003,18.633,4.123044,11.49167,18.633,25013.675919999998,3.039234
748,ESP,2004,18.31,4.104143,10.95833,18.31,26158.15321,3.039202
749,ESP,2005,18.326,3.3863489999999996,9.166667,18.326,27600.93718,3.3684540000000003
750,ESP,2006,19.198,3.78431,8.458333,19.198,30708.61697,3.515375
751,ESP,2007,20.429000000000002,4.306627,8.225,20.429000000000002,32429.203989999998,2.78703
752,ESP,2008,21.609,4.363732,11.26667,21.609,33242.24543,4.075661
753,ESP,2009,22.017,3.974298,17.866670000000003,22.017,32120.08031,-0.2879968
754,ESP,2010,21.896,4.250001,19.875,21.896,31713.6969,1.799881
755,ESP,2011,22.875999999999998,5.436894000000001,21.40833,22.875999999999998,31872.36309,3.1961459999999997
756,ESP,2012,23.085,5.8465370000000005,24.79167,23.085,31724.631510000003,2.4459999999999997
757,ESP,2013,22.768,4.561962,26.116670000000003,22.768,32452.65968,1.4085459999999999
758,ESP,2014,22.497,2.7218310000000003,24.45,22.497,33544.35201,-0.15087029999999998
759,ESP,2015,21.354,1.7350869999999998,22.075,21.354,34938.58146,-0.5004613
760,ESP,2016,21.355999999999998,1.393302,19.65,21.355999999999998,37309.86592,-0.2026717
761,ESP,2017,21.8,1.557866,17.23333,21.8,39626.4715,1.9560830000000002
762,SWE,1983,39.06,0.0,3.666667,39.06,14013.816369999999,8.873021000000001
763,SWE,1984,38.692,0.0,3.266667,38.692,15118.97656,8.044243
764,SWE,1985,38.739000000000004,0.0,2.8833330000000004,38.739000000000004,15909.254280000001,7.372575
765,SWE,1986,38.244,0.0,2.691667,38.244,16626.61791,4.23591
766,SWE,1987,37.407,11.68,2.191667,37.407,17550.41703,4.188571
767,SWE,1988,39.1,11.35167,1.8,39.1,18550.52247,5.824898999999999
768,SWE,1989,39.332,11.18,1.558333,39.332,19656.73735,6.443276
769,SWE,1990,38.514,13.159170000000001,1.7166669999999997,38.514,20388.014880000002,10.36655
770,SWE,1991,33.523,10.69083,3.1,33.523,20695.70081,9.444628
771,SWE,1992,35.251999999999995,10.01667,5.558333,35.251999999999995,20798.99395,2.374367
772,SWE,1993,36.478,8.539166,9.05,36.478,20730.72095,4.728173
773,SWE,1994,36.723,9.495,9.358334,36.723,21847.76924,2.158138
774,SWE,1995,33.472,10.24417,8.8,33.472,23063.9482,2.455149
775,SWE,1996,33.779,8.026667,9.558333,33.779,23891.26644,0.5331319999999999
776,SWE,1997,33.506,6.614167,9.891666,33.506,24797.36018,0.6584103
777,SWE,1998,33.536,4.989167,8.2,33.536,25887.27214,-0.2671327
778,SWE,1999,34.669000000000004,4.98,6.733333,34.669000000000004,27471.4765,0.46217579999999997
779,SWE,2000,33.236,5.3675,5.6,33.236,29629.40615,0.8991438
780,SWE,2001,32.115,5.1075,5.825,32.115,29940.27019,2.405958
781,SWE,2002,30.877,5.303333,5.95,30.877,30926.361,2.158482
782,SWE,2003,31.680999999999997,4.638333,6.566667,31.680999999999997,31780.21735,1.925655
783,SWE,2004,31.789,4.425,7.375,31.789,33828.031760000005,0.3736598
784,SWE,2005,31.55,3.3825,7.641667,31.55,34244.35929,0.4531709
785,SWE,2006,31.862,3.704167,7.0416669999999995,31.862,37684.67388,1.360215
786,SWE,2007,30.873,4.1675,6.116667,30.873,40862.61193,2.212169
787,SWE,2008,29.759,3.8875,6.1666669999999995,29.759,42158.46561,3.4370489999999996
788,SWE,2009,28.783,3.25,8.3,28.783,40318.29264,-0.4944606
789,SWE,2010,27.865,2.893333,8.575,27.865,42252.26608,1.157988
790,SWE,2011,27.531,2.605,7.766667,27.531,44608.6439,2.9611509999999996
791,SWE,2012,28.026,1.5925,7.966667,28.026,45432.30693,0.8883774999999999
792,SWE,2013,28.381999999999998,2.120833,8.0,28.381999999999998,46312.29369,-0.04429297
793,SWE,2014,28.599,1.72,7.933333,28.599,47184.7194,-0.1796385
794,SWE,2015,29.066,0.7191666999999999,7.4,29.066,49116.23655,-0.04678474
795,SWE,2016,29.767,0.5191666,6.95,29.767,50425.08065,0.9842693000000001
796,SWE,2017,29.933000000000003,0.655,6.683333,29.933000000000003,52739.00324,1.794499
797,CHE,2010,31.798000000000002,1.631667,4.803483,31.798000000000002,53019.81232,0.6882334
798,CHE,2011,31.16,1.471667,4.401403,31.16,56183.817870000006,0.2313366
799,CHE,2012,31.455,0.6466666,4.4839400000000005,31.455,57849.601720000006,-0.6925458000000001
800,CHE,2013,31.0,0.9491666999999999,4.746688,31.0,60108.54053,-0.21730850000000002
801,CHE,2014,30.945,0.6925,4.8293029999999995,30.945,61902.161739999996,-0.01322916
802,CHE,2015,31.066999999999997,-0.06916667,4.80018,31.066999999999997,63938.95824,-1.143901
803,CHE,2016,31.021,-0.36200000000000004,4.918711,31.021,65720.16189,-0.4346076
804,CHE,2017,30.264,-0.07208333,4.797114,30.264,67139.04087000001,0.533796
805,TUR,2005,14.715,0.0,9.508333,14.715,11910.60672,8.179160000000001
806,TUR,2006,15.584000000000001,0.0,9.066667,15.584000000000001,13625.195440000001,9.597242
807,TUR,2007,16.964000000000002,0.0,9.158334,16.964000000000002,14847.63149,8.756181
808,TUR,2008,16.517,0.0,10.025,16.517,16038.23165,10.44413
809,TUR,2009,16.383,0.0,13.04167,16.383,15457.47743,6.250977
810,TUR,2010,14.030999999999999,0.0,11.15,14.030999999999999,17358.31812,8.566444
811,TUR,2011,13.514000000000001,0.0,9.141666,13.514000000000001,19590.858369999998,6.471879
812,TUR,2012,14.427,0.0,8.433333,14.427,20627.440730000002,8.89157
813,TUR,2013,13.9,0.0,9.05,13.9,22373.13654,7.49309
814,TUR,2014,14.705,0.0,9.958333,14.705,24104.98458,8.854572000000001
815,TUR,2015,14.616,0.0,10.30833,14.616,25862.85004,7.670853999999999
816,TUR,2016,14.637,0.0,10.90833,14.637,26693.21283,7.7751339999999995
817,TUR,2017,14.533,0.0,10.925,14.533,28417.61582,11.14431
818,GBR,1983,27.938000000000002,11.26833,10.81667,27.938000000000002,10839.63668,4.609302
819,GBR,1984,26.831,11.1275,10.85833,26.831,11467.409459999999,4.960712
820,GBR,1985,26.043000000000003,10.97,11.2,26.043000000000003,12294.79515,6.071394000000001
821,GBR,1986,27.623,10.135,11.24167,27.623,12906.62818,3.4276150000000003
822,GBR,1987,26.643,9.570833,10.325,26.643,13897.38268,4.148918
823,GBR,1988,26.253,9.675834,8.508333,26.253,15186.135730000002,4.2094
824,GBR,1989,25.963,10.19083,7.108333,25.963,16141.211119999998,5.7
825,GBR,1990,29.405,11.8025,6.866667,29.405,16821.78295,8.0
826,GBR,1991,29.375999999999998,10.105,8.591666,29.375999999999998,17141.26754,7.5
827,GBR,1992,29.892,9.063334,9.766666,29.892,17552.33427,4.6
828,GBR,1993,29.215,7.479609,10.19167,29.215,18380.96101,2.6
829,GBR,1994,29.178,8.1221,9.3,29.178,19454.79343,2.2
830,GBR,1995,28.836,8.200283,8.491667,28.836,20514.81405,2.7
831,GBR,1996,27.26,7.810184,7.908333,27.26,21842.26063,2.9
832,GBR,1997,25.677,7.052592,6.808333,25.677,23022.803,2.2
833,GBR,1998,28.04,5.5509580000000005,6.141667,28.04,23662.56371,1.8
834,GBR,1999,28.645,5.093525,5.908333,28.645,24410.788419999997,1.7
835,GBR,2000,29.035,5.328975,5.366667,29.035,26422.358480000003,1.2
836,GBR,2001,30.180999999999997,4.9295,5.0,30.180999999999997,27733.31995,1.6
837,GBR,2002,29.838,4.894242,5.133333,29.838,28999.2636,1.5
838,GBR,2003,28.54,4.526592,4.95,28.54,30236.47333,1.4
839,GBR,2004,28.234,4.882267,4.7,28.234,31920.30458,1.4
840,GBR,2005,28.677,4.413892,4.7916669999999995,28.677,32586.151,2.1
841,GBR,2006,28.919,4.501675,5.35,28.919,34673.36583,2.5
842,GBR,2007,29.747,5.011275,5.275,29.747,35513.58472,2.4
843,GBR,2008,30.283,4.590725,5.616667,30.283,36634.61074,3.5
844,GBR,2009,30.384,3.6475169999999997,7.55,30.384,35060.101160000006,2.0
845,GBR,2010,28.596,3.624425,7.808333,28.596,36464.70843,2.5
846,GBR,2011,28.07,3.135992,8.058333,28.07,37154.16298,3.8
847,GBR,2012,27.465,1.9180419999999998,7.925,27.465,38296.701030000004,2.6
848,GBR,2013,27.605999999999998,2.389783,7.55,27.605999999999998,39945.104530000004,2.3
849,GBR,2014,27.279,2.569083,6.141667,27.279,41292.49129,1.5
850,GBR,2015,27.7,1.9010330000000002,5.325,27.7,42583.07572,0.4
851,GBR,2016,27.405,1.305208,4.825,27.405,44121.077919999996,1.0
852,GBR,2017,27.214000000000002,1.235808,4.35,27.214000000000002,45923.36328,2.6
853,USA,1970,36.595,7.348333,4.933333,36.595,5233.352349,5.838255
854,USA,1971,35.222,6.159167,5.9583330000000005,35.222,5608.545346,4.2927669999999996
855,USA,1972,35.146,6.21,5.616667,35.146,6093.20516,3.272278
856,USA,1973,34.78,6.8425,4.891667,34.78,6725.406839,6.17776
857,USA,1974,35.561,7.5575,5.591667,35.561,7224.204995,11.0548
858,USA,1975,34.648,7.9875,8.466666,34.648,7801.167695,9.143147
859,USA,1976,34.727,7.611667,7.716667,34.727,8590.244216,5.7448120000000005
860,USA,1977,35.358000000000004,7.419167,7.066667,35.358000000000004,9450.431025,6.501684
861,USA,1978,36.406,8.41,6.066667,36.406,10562.86018,7.630964
862,USA,1979,38.361999999999995,9.4425,5.8333330000000005,38.361999999999995,11671.54141,11.25447
863,USA,1980,39.075,11.46,7.141667,39.075,12547.12681,13.5492
864,USA,1981,39.784,13.910829999999999,7.6,39.784,13943.17589,10.334710000000001
865,USA,1982,40.055,13.001669999999999,9.708333,40.055,14399.35319,6.1314269999999995
866,USA,1983,39.441,11.105,9.616667,39.441,15508.00784,3.2124349999999997
867,USA,1984,37.336999999999996,12.43833,7.525,37.336999999999996,17080.01472,4.300536
868,USA,1985,37.832,10.623330000000001,7.191667,37.832,18192.3264,3.5456440000000002
869,USA,1986,37.533,7.6825,6.991667,37.533,19027.64632,1.898048
870,USA,1987,38.194,8.384167,6.191667,38.194,19993.22608,3.664563
871,USA,1988,36.702,8.845834,5.491667,36.702,21367.89616,4.0777410000000005
872,USA,1989,37.535,8.498333,5.266667,37.535,22804.67446,4.8270029999999995
873,USA,1990,37.666,8.55,5.616667,37.666,23835.31923,5.397956
874,USA,1991,36.296,7.858333,6.816667,36.296,24289.547590000002,4.234964
875,USA,1992,35.772,7.01,7.508333,35.772,25378.62464,3.02882
876,USA,1993,35.771,5.873333000000001,6.9,35.771,26350.49293,2.951657
877,USA,1994,35.524,7.08,6.0833330000000005,35.524,27660.268360000002,2.607442
878,USA,1995,36.284,6.58,5.608333,36.284,28657.51272,2.8054200000000002
879,USA,1996,37.827,6.438333999999999,5.4166669999999995,37.827,29932.157769999998,2.931204
880,USA,1997,39.007,6.3525,4.95,39.007,31424.43893,2.3376900000000003
881,USA,1998,40.384,5.264167,4.508333,40.384,32817.982,1.5522790000000002
882,USA,1999,40.855,5.636667,4.216667,40.855,34477.97213,2.188027
883,USA,2000,42.218,6.029167,3.9916669999999996,42.218,36304.60202,3.3768569999999998
884,USA,2001,42.545,5.0175,4.733333,42.545,37099.9106,2.826171
885,USA,2002,38.036,4.610833,5.775,38.036,37979.60793,1.5860319999999999
886,USA,2003,35.317,4.015,5.991667,35.317,39426.087139999996,2.270095
887,USA,2004,34.196,4.274166999999999,5.533333,34.196,41647.84391,2.677237
888,USA,2005,35.205,4.29,5.066667,35.205,44043.73414,3.392747
889,USA,2006,36.326,4.7916669999999995,4.616667,36.326,46230.8462,3.2259439999999997
890,USA,2007,38.233000000000004,4.629167,4.616667,38.233000000000004,47902.06035,2.852673
891,USA,2008,39.542,3.666667,5.775,39.542,48311.2237,3.8391
892,USA,2009,34.315,3.2566669999999998,9.266666,34.315,47028.1604,-0.3555463
893,USA,2010,34.779,3.2141669999999998,9.616667,34.779,48395.80347,1.6400430000000001
894,USA,2011,38.846,2.7858330000000002,8.95,38.846,49810.699510000006,3.1568419999999997
895,USA,2012,38.489000000000004,1.8025,8.066667,38.489000000000004,51540.96832,2.069337
896,USA,2013,38.774,2.350833,7.375,38.774,53045.94512,1.464833
897,USA,2014,39.047,2.540833,6.1666669999999995,39.047,54993.16949,1.622223
898,USA,2015,40.406,2.1358330000000003,5.2916669999999995,40.406,56812.535429999996,0.1186271
899,USA,2016,40.166,1.8416669999999997,4.866667,40.166,57977.387520000004,1.261583
900,USA,2017,38.749,2.33,4.35,38.749,60056.48259,2.1301099999999997
901,EST,1998,23.230999999999998,0.0,9.15,23.230999999999998,8396.203412,8.744750999999999
902,EST,1999,23.851,0.0,11.35,23.851,8486.98644,3.2961110000000002
903,EST,2000,21.968000000000004,0.0,14.458329999999998,21.968000000000004,9408.179591,4.018489
904,EST,2001,21.416999999999998,0.0,13.04167,21.416999999999998,10292.2844,5.74828
905,EST,2002,20.586,0.0,11.33333,20.586,11635.36844,3.571913
906,EST,2003,20.945,0.0,10.35,20.945,13080.28669,1.334991
907,EST,2004,20.073,0.0,10.08333,20.073,14481.498230000001,3.048111
908,EST,2005,18.435,0.0,7.975,18.435,16574.46082,4.079714
909,EST,2006,18.074,0.0,5.941667,18.074,19254.394630000003,4.437621
910,EST,2007,18.413,0.0,4.6,18.413,22131.99616,6.601325999999999
911,EST,2008,19.472,0.0,5.516667,19.472,22807.72847,10.36236
912,EST,2009,15.965,0.0,13.575,15.965,20595.26096,-0.07840831
913,EST,2010,15.867,0.0,16.741670000000003,15.867,21779.59237,2.972045
914,EST,2011,16.104,0.0,12.425,16.104,24735.34666,4.981901000000001
915,EST,2012,16.397000000000002,0.0,9.991667,16.397000000000002,26141.08353,3.9334
916,EST,2013,17.21,0.0,8.566667,17.21,27596.45861,2.780567
917,EST,2014,17.615,0.0,7.383333,17.615,29107.89112,-0.1061751
918,EST,2015,17.227999999999998,0.0,6.2083330000000005,17.227999999999998,29444.318330000002,-0.49232600000000004
919,EST,2016,17.31,0.0,6.766667,17.31,31571.257530000003,0.14868489999999998
920,EST,2017,17.375,0.0,5.816667,17.375,33983.45338,3.417236
921,ISR,1995,26.534000000000002,0.0,6.869636999999999,26.534000000000002,19958.85408,9.991729
922,ISR,1996,26.24,0.0,6.677445,26.24,20817.31188,11.355089999999999
923,ISR,1997,26.825,4.065,7.6737589999999996,26.825,21451.79866,8.927607
924,ISR,1998,27.166,4.925,8.535764,27.166,22060.810830000002,5.480471
925,ISR,1999,27.778000000000002,5.199167,8.884659,27.778000000000002,22591.67127,5.160456
926,ISR,2000,29.081,5.475833000000001,8.770605999999999,29.081,24938.4992,1.050749
927,ISR,2001,29.991,6.426480000000001,9.348134,29.991,24910.32272,1.150442
928,ISR,2002,27.63,9.233088,10.29844,27.63,25204.72917,5.74147
929,ISR,2003,25.114,8.884284,10.712660000000001,25.114,23800.70083,0.7239631999999999
930,ISR,2004,22.594,7.561666000000001,10.36771,22.594,25152.82568,-0.4107198
931,ISR,2005,21.835,6.361667,8.989903,21.835,24743.42544,1.309413
932,ISR,2006,21.954,6.314166999999999,8.403837,21.954,25559.98106,2.116833
933,ISR,2007,22.454,5.554167,7.318558,22.454,27330.734269999997,0.46840740000000003
934,ISR,2008,21.566,5.923333,6.099141,21.566,27304.8148,4.592798
935,ISR,2009,19.55,5.063333999999999,7.544086,19.55,27502.038610000003,3.328907
936,ISR,2010,17.953,4.684166,6.636595,17.953,28835.2434,2.707664
937,ISR,2011,17.902,4.98,5.6023760000000005,17.902,30497.56863,3.4673809999999996
938,ISR,2012,17.844,4.399166999999999,6.85,17.844,31706.1862,1.6842290000000002
939,ISR,2013,17.585,3.795833,6.2083330000000005,17.585,34167.03832,1.571392
940,ISR,2014,18.361,2.8858330000000003,5.908333,18.361,34282.236039999996,0.48503090000000004
941,ISR,2015,19.426,2.07,5.241667,19.426,35486.09363,-0.63249
942,ISR,2016,19.814,1.8791669999999998,4.808333,19.814,37815.96022,-0.5443886
943,ISR,2017,20.659000000000002,1.9091669999999998,4.216667,20.659000000000002,38918.04777,0.2442105
944,SVN,1996,15.681,0.0,6.891667,15.681,14273.889769999998,9.864456
945,SVN,1997,15.995,0.0,6.9166669999999995,15.995,15274.792,8.359679
946,SVN,1998,15.189,0.0,7.366667,15.189,16049.886040000001,7.891166
947,SVN,1999,14.697000000000001,0.0,7.408333,14.697000000000001,17077.48506,6.155588
948,SVN,2000,15.032,0.0,6.741667,15.032,18003.71141,8.911745
949,SVN,2001,15.267000000000001,0.0,6.191667,15.267000000000001,18957.335769999998,8.379666
950,SVN,2002,15.069,0.0,6.341667,15.069,20236.43207,7.480778
951,SVN,2003,15.015,6.401667,6.7,15.015,21083.55675,5.544164
952,SVN,2004,15.044,4.684166,6.341667,15.044,22737.36085,3.592976
953,SVN,2005,14.292,3.806667,6.5416669999999995,14.292,23848.60242,2.451501
954,SVN,2006,15.026,3.853333,5.991667,15.026,25676.8694,2.457924
955,SVN,2007,14.729000000000001,4.529167,4.858333,14.729000000000001,27531.35285,3.657496
956,SVN,2008,15.794,4.606667,4.391667,15.794,29594.665839999998,5.647424
957,SVN,2009,15.779000000000002,4.375,5.891667,15.779000000000002,27537.3601,0.8392622
958,SVN,2010,15.1,3.8325,7.275,15.1,27842.257439999998,1.8011700000000002
959,SVN,2011,15.28,4.970833,8.208333,15.28,28931.423639999997,1.8028520000000001
960,SVN,2012,15.402000000000001,5.808333,8.891666,15.402000000000001,29048.326,2.597414
961,SVN,2013,14.011,5.811666000000001,10.15833,14.011,29979.61884,1.7692009999999998
962,SVN,2014,14.005999999999998,3.27,9.741667,14.005999999999998,30872.728880000002,0.1993438
963,SVN,2015,14.003,1.706667,9.0,14.003,31640.32549,-0.5255523
964,SVN,2016,14.380999999999998,1.149167,8.008333,14.380999999999998,33939.33935,-0.05499954
965,SVN,2017,14.192,0.96,6.6,14.192,36679.686239999995,1.429107
966,MEX,2002,18.739,10.125,2.978333,18.739,10999.98034,5.030733000000001
967,MEX,2003,19.076,8.981667,3.4058330000000003,19.076,11302.73752,4.5468980000000006
968,MEX,2004,19.613,9.538333,3.915833,19.613,11921.837,4.688407
969,MEX,2005,18.028,9.4175,3.595785,18.028,12539.95753,3.988061
970,MEX,2006,17.782,8.388333,3.596744,17.782,13720.688230000002,3.629463
971,MEX,2007,17.288,7.793334,3.721604,17.288,14233.029480000001,3.96685
972,MEX,2008,18.328,8.3125,3.9746550000000003,18.328,14885.90244,5.124982
973,MEX,2009,18.48,7.96375,5.479068,18.48,14532.386519999998,5.297357
974,MEX,2010,18.265,6.9,5.380876,18.265,15257.67356,4.156728
975,MEX,2011,18.820999999999998,6.667778,5.233573000000001,18.820999999999998,16546.64141,3.4073800000000003
976,MEX,2012,19.877,5.598333,4.952769,19.877,17220.06914,4.111508000000001
977,MEX,2013,19.655,5.6775,4.929466000000001,19.655,17461.79827,3.80639
978,MEX,2014,21.476999999999997,6.014167,4.828958,21.476999999999997,18167.51795,4.018617
979,MEX,2015,20.633000000000003,5.928333,4.352943,20.633000000000003,18438.04408,2.720641
980,MEX,2016,20.392,6.19375,3.8824379999999996,20.392,19506.64099,2.821708
981,MEX,2017,21.38,7.248333000000001,3.419046,21.38,20022.66121,6.041456
982,CHL,1990,5.579,0.0,7.7575,5.579,4735.818457,26.036479999999997
983,CHL,1991,6.125,0.0,8.155,6.125,5190.382584,21.78442
984,CHL,1992,5.864,0.0,6.665,5.864,5854.374218999999,15.4258
985,CHL,1993,5.18,0.0,6.5425,5.18,6299.643857999999,12.72776
986,CHL,1994,5.747999999999999,0.0,7.815,5.747999999999999,6684.533993999999,11.44312
987,CHL,1995,5.218999999999999,0.0,7.3025,5.218999999999999,7422.424790000001,8.232634
988,CHL,1996,5.257000000000001,0.0,6.325,5.257000000000001,8007.106277,7.359114999999999
989,CHL,1997,5.992000000000001,0.0,6.115,5.992000000000001,8631.577102,6.133866
990,CHL,1998,6.968999999999999,0.0,6.395,6.968999999999999,8984.41954,5.110244000000001
991,CHL,1999,7.277,0.0,10.1375,7.277,8956.789445,3.3368830000000003
992,CHL,2000,7.645,0.0,9.6675,7.645,9519.174318000001,3.8432730000000004
993,CHL,2001,7.9479999999999995,0.0,9.8525,7.9479999999999995,9937.064691,3.5691010000000003
994,CHL,2002,7.017,0.0,9.805,7.017,10292.918109999999,2.489398
995,CHL,2003,6.452999999999999,0.0,9.54,6.452999999999999,10793.77095,2.810177
996,CHL,2004,5.824,0.0,10.0075,5.824,11757.51189,1.0547389999999999
997,CHL,2005,5.178,6.049167,9.235,5.178,12667.85359,3.0525740000000003
998,CHL,2006,4.331,6.16,7.8,4.331,15685.218969999998,3.3920190000000003
999,CHL,2007,4.803,6.0875,7.13,4.803,16872.268790000002,4.4077980000000005
1000,CHL,2008,5.707000000000001,7.101189999999999,7.7925,5.707000000000001,16447.33384,8.716269
1001,CHL,2009,7.474,5.6652949999999995,9.675,7.474,16119.89398,0.3530467
1002,CHL,2010,6.834,6.252873999999999,8.15,6.834,18129.08799,1.410711
1003,CHL,2011,6.561,5.969645,7.125,6.561,20302.78871,3.341217
1004,CHL,2012,6.832999999999999,5.42557,6.545561,6.832999999999999,21446.53762,3.007448
1005,CHL,2013,7.172999999999999,5.308737000000001,6.0822199999999995,7.172999999999999,22352.530730000002,1.7895560000000001
1006,CHL,2014,7.254,4.7366150000000005,6.495096,7.254,22687.93302,4.718675
1007,CHL,2015,9.836,4.480221,6.328377,9.836,22593.27296,4.348773
1008,CHL,2016,8.763,4.405277,6.684913000000001,8.763,22624.82575,3.786194
1009,CHL,2017,9.658,4.2449580000000005,6.965175,9.658,23597.45722,2.182719
1010,LVA,1999,18.007,0.0,14.066670000000002,18.007,7397.573721,2.364815
1011,LVA,2000,18.823,0.0,14.34167,18.823,8032.560756999999,2.6542529999999998
1012,LVA,2001,19.453,7.573333,13.483329999999999,19.453,9034.459976,2.487044
1013,LVA,2002,19.588,5.408333,12.49167,19.588,10067.76976,1.938879
1014,LVA,2003,20.191,4.900833,11.64167,20.191,11027.13889,2.942643
1015,LVA,2004,20.575,4.8575,11.75,20.575,12239.433990000001,6.192384
1016,LVA,2005,19.316,3.875,10.05,19.316,13878.0254,6.748452
1017,LVA,2006,19.49,4.133333,7.0416669999999995,19.49,15799.473780000002,6.536199
1018,LVA,2007,20.098,5.2825,6.058333,20.098,18182.904130000003,10.09298
1019,LVA,2008,21.381,6.431667,7.741667,21.381,19516.07328,15.402320000000001
1020,LVA,2009,18.944000000000003,12.3575,17.566670000000002,18.944000000000003,16977.250509999998,3.534107
1021,LVA,2010,21.624000000000002,10.3375,19.475,21.624000000000002,17657.12067,-1.0846360000000002
1022,LVA,2011,19.741,5.9075,16.21667,19.741,19887.82981,4.370736
1023,LVA,2012,19.715,4.565,15.041670000000002,19.715,21414.63017,2.257789
1024,LVA,2013,19.714000000000002,3.34,11.875,19.714000000000002,22811.030740000002,-0.02945478
1025,LVA,2014,19.878,2.5083330000000004,10.85,19.878,23798.13612,0.6204923000000001
1026,LVA,2015,19.697,0.9633333000000001,9.883333,19.697,24970.78393,0.1742414
1027,LVA,2016,20.317,0.5341667,9.633333,20.317,26710.178630000002,0.1406308
1028,LVA,2017,21.125,0.8341666,8.708333,21.125,28679.77484,2.930369
1029,LTU,1999,24.996,0.0,14.641670000000001,24.996,7820.810678,0.7275505999999999
1030,LTU,2000,24.568,0.0,16.441670000000002,24.568,8449.106697,0.9816155000000001
1031,LTU,2001,24.266,8.153334,17.41667,24.266,9440.076441,1.3671200000000001
1032,LTU,2002,23.304000000000002,6.0625,13.775,23.304000000000002,10480.68738,0.2815066
1033,LTU,2003,22.572,5.3225,12.43333,22.572,12054.51688,-1.134309
1034,LTU,2004,23.276999999999997,4.5025,10.89167,23.276999999999997,13018.63815,1.164103
1035,LTU,2005,23.353,3.6991669999999996,8.316667,23.353,14510.68553,2.6584849999999998
1036,LTU,2006,22.405,4.080833,5.7916669999999995,22.405,16464.0649,3.7391199999999998
1037,LTU,2007,21.656999999999996,4.545833,4.258333,21.656999999999996,19074.832130000003,5.7371739999999996
1038,LTU,2008,21.146,5.6075,5.825,21.146,20721.10009,10.925889999999999
1039,LTU,2009,13.422,14.004170000000002,13.8,13.422,18134.1957,4.453044
1040,LTU,2010,12.623,5.566667,17.84167,12.623,20110.23516,1.3192139999999999
1041,LTU,2011,12.82,5.16,15.391670000000001,12.82,22884.929330000003,4.130276
1042,LTU,2012,12.875,4.830833,13.40833,12.875,24703.72883,3.089983
1043,LTU,2013,13.232999999999999,3.831667,11.8,13.232999999999999,26721.57981,1.047479
1044,LTU,2014,13.165999999999999,2.7925,10.725,13.165999999999999,28184.349130000002,0.10375799999999999
1045,LTU,2015,13.297,1.380833,9.133333,13.297,28842.24275,-0.8840974
1046,LTU,2016,13.404000000000002,0.8983333,7.9,13.404000000000002,30922.107210000002,0.9055251
1047,LTU,2017,13.055,0.31,7.116667,13.055,33826.75153,3.722889
